D:\$RECYCLE.BIN\S-1-5-21-2307816424-1236573662-2333273563-1001\$R0J3C9Z\Aldiva, ALD-036-000_c01_0038_800GR_Aldiva_Petit-Buerre-Biscuits, .jpg
D:\$RECYCLE.BIN\S-1-5-21-2307816424-1236573662-2333273563-1001\$R0J3C9Z\Aldiva, ALD-036-000_i01_0038_800GR_Aldiva_Petit-Buerre-Biscuits, .png
D:\$RECYCLE.BIN\S-1-5-21-2307816424-1236573662-2333273563-1001\$R0J3C9Z\Aldiva, ALD-036-000_i02_0038_800GR_Aldiva_Petit-Buerre-Biscuits, .jpg
D:\$RECYCLE.BIN\S-1-5-21-2307816424-1236573662-2333273563-1001\$R0J3C9Z\Aldiva, ALD-036-000_i02_0038_800GR_Aldiva_Petit-Buerre-Biscuits, .png
D:\Users\hamza\Dropbox\Documnets\Ravi\noon ravie\ALDIVA, ALD-036-000_i01, .jpg
D:\Users\hamza\Dropbox\Photos\All Pictures\Aldiva, ALD-036-000_c01_0038_800GR_Aldiva_Petit-Buerre-Biscuits, .jpg
D:\Users\hamza\Dropbox\Photos\All Pictures\Aldiva, ALD-036-000_i01_0038_800GR_Aldiva_Petit-Buerre-Biscuits, .png
D:\Users\hamza\Dropbox\Photos\All Pictures\Aldiva, ALD-036-000_i02_0038_800GR_Aldiva_Petit-Buerre-Biscuits, .jpg
D:\Users\hamza\Dropbox\Photos\All Pictures\Aldiva, ALD-036-000_i02_0038_800GR_Aldiva_Petit-Buerre-Biscuits, .png
D:\Users\hamza\Dropbox\Documnets\Ravi\noon ravie\ALDIVA, ALD-080-000_i01, .jpg
D:\Users\hamza\Dropbox\Photos\raw & resources images\ANL, ANL-010-000_i01_9542_1KG_Anl_Lexus-Chocolate-With-Coffee-Cream-(Brown-Bag), .jpg
D:\Users\hamza\Dropbox\Photos\raw & resources images\ANL, ANL-010-000_i02_9542_1KG_Anl_Lexus-Chocolate-With-Coffee-Cream-(Brown-Bag), .jpg
D:\Users\hamza\Dropbox\Photos\raw & resources images\ANL, ANL-010-000_i03_9542_1KG_Anl_Lexus-Chocolate-With-Coffee-Cream-(Brown-Bag), .jpg
D:\Users\hamza\Dropbox\Photos\raw & resources images\ANL, ANL-010-000_i04_9542_1KG_Anl_Lexus-Chocolate-With-Coffee-Cream-(Brown-Bag), .jpg
D:\Users\hamza\Dropbox\Photos\raw & resources images\ANL, ANL-010-000_i05_9542_1KG_Anl_Lexus-Chocolate-With-Coffee-Cream-(Brown-Bag), .jpg
D:\Users\hamza\Dropbox\Photos\raw & resources images\ANL, ANL-008-000_i01_9566_1KG_Anl_Lexus-Chocolate-With-Orange-Cream, .jpg
D:\Users\hamza\Dropbox\Photos\raw & resources images\ANL, ANL-008-000_i02_9566_1KG_Anl_Lexus-Chocolate-With-Orange-Cream, .jpg
D:\Users\hamza\Dropbox\Photos\raw & resources images\ANL, ANL-008-000_i03_9566_1KG_Anl_Lexus-Chocolate-With-Orange-Cream, .jpg
D:\Users\hamza\Dropbox\Photos\raw & resources images\ANL, ANL-008-000_i04_9566_1KG_Anl_Lexus-Chocolate-With-Orange-Cream, .jpg
D:\Users\hamza\Dropbox\Photos\raw & resources images\ANL, ANL-008-000_i05_9566_1KG_Anl_Lexus-Chocolate-With-Orange-Cream, .jpg
D:\Users\hamza\Dropbox\Documnets\Ravi\noon ravie\ATHENIAN, ATH-005-000_i01, .jpg
D:\Users\hamza\Dropbox\Documnets\Ravi\noon ravie\ATHENIAN, ATH-004-000_i01, .jpg
D:\Users\hamza\Dropbox\Documnets\Ravi\noon ravie\ATHENIAN, ATH-008-000_i01, .jpg
D:\Users\hamza\Dropbox\Documnets\Ravi\noon ravie\ATHENIAN, ATH-006-000_i01, .jpg
D:\$RECYCLE.BIN\S-1-5-21-2307816424-1236573662-2333273563-1001\$R0J3C9Z\Caffe Trombetta, CAF-001-000_c01_0053_55gr_Caffe-Trombetta_L'Espresso-Decaffeinated-Capsule, .jpg
D:\$RECYCLE.BIN\S-1-5-21-2307816424-1236573662-2333273563-1001\$R0J3C9Z\Caffe Trombetta, CAF-001-000_c02_0053_55GR_Caffe-Trombetta_L'Espresso-Decaffeinated-Capsule, .jpg
D:\$RECYCLE.BIN\S-1-5-21-2307816424-1236573662-2333273563-1001\$R0J3C9Z\Caffe Trombetta, CAF-001-000_i01_0053_55GR_Caffe-Trombetta_L'Espresso-Decaffeinated-Capsule, .jpg
D:\$RECYCLE.BIN\S-1-5-21-2307816424-1236573662-2333273563-1001\$R0J3C9Z\Caffe Trombetta, CAF-001-000_i02_0053_55gr_Caffe-Trombetta_L'Espresso-Decaffeinated-Capsule, .jpg
D:\$RECYCLE.BIN\S-1-5-21-2307816424-1236573662-2333273563-1001\$R0J3C9Z\Caffe Trombetta, CAF-001-000_i03_0053_55gr_Caffe-Trombetta_L'Espresso-Decaffeinated-Capsule, .jpg
D:\$RECYCLE.BIN\S-1-5-21-2307816424-1236573662-2333273563-1001\$R0J3C9Z\Caffe Trombetta, CAF-001-000_i04_0053_55GR_Caffe-Trombetta_L'Espresso-Decaffeinated-Capsule, .jpg
D:\$RECYCLE.BIN\S-1-5-21-2307816424-1236573662-2333273563-1001\$R0J3C9Z\Caffe Trombetta, CAF-001-000_i05_0053_55GR_Caffe-Trombetta_L'Espresso-Decaffeinated-Capsule, .jpg
D:\$RECYCLE.BIN\S-1-5-21-2307816424-1236573662-2333273563-1001\$R0J3C9Z\Caffe Trombetta, CAF-001-000_i06_0053_55gr_Caffe-Trombetta_L'Espresso-Decaffeinated-Capsule, .jpg
D:\$RECYCLE.BIN\S-1-5-21-2307816424-1236573662-2333273563-1001\$R0J3C9Z\Caffe Trombetta, CAF-001-000_i07_0053_55gr_Caffe-Trombetta_L'Espresso-Decaffeinated-Capsule, .jpg
D:\Users\hamza\Dropbox\.dropbox.cache\2020-01-15, CAF-001-000_c01_0053_55GR_Caffe-Trombetta_L'Espresso-Decaffeinat (deleted f04f6a18cea780e144edd12dc91461a9), .jpg
D:\Users\hamza\Dropbox\.dropbox.cache\2020-01-15, CAF-001-000_i02_0053_55GR_Caffe-Trombetta_L'Espresso-Decaffeinat (deleted ad966fbe40226a29a3b7a5dd7775239c), .jpg
D:\Users\hamza\Dropbox\.dropbox.cache\2020-01-15, CAF-001-000_i03_0053_55GR_Caffe-Trombetta_L'Espresso-Decaffeinat (deleted c7741f41a45c80b51b1b239815dbafa9), .jpg
D:\Users\hamza\Dropbox\.dropbox.cache\2020-01-15, CAF-001-000_i04_0053_55GR_Caffe-Trombetta_L'Espresso-Decaffeinat (deleted d8b2ea67253a463f7b34a02c62e099a7), .jpg
D:\Users\hamza\Dropbox\Digital Marketing\E-commerce Platform\Dubai store\photos, CAF-001-000_01, .jpg
D:\Users\hamza\Dropbox\Digital Marketing\E-commerce Platform\Dubai store\photos, CAF-001-000_02, .jpg
D:\Users\hamza\Dropbox\Digital Marketing\E-commerce Platform\Dubai store\photos, CAF-001-000_03, .jpg
D:\Users\hamza\Dropbox\Digital Marketing\E-commerce Platform\tradeling B2B\Photos Management\Group01 2020-07-27\pictures, CAF-001-000_i01, .jpg
D:\Users\hamza\Dropbox\Digital Marketing\E-commerce Platform\tradeling B2B\Photos Management\Group01 2020-07-27\pictures, CAF-001-000_i02, .jpg
D:\Users\hamza\Dropbox\Digital Marketing\E-commerce Platform\tradeling B2B\Photos Management\Group01 2020-07-27\pictures, CAF-001-000_i03, .jpg
D:\Users\hamza\Dropbox\Digital Marketing\E-commerce Platform\tradeling B2B\Photos Management\Group01 2020-07-27\pictures, CAF-001-000_i04, .jpg
D:\Users\hamza\Dropbox\Digital Marketing\E-commerce Platform\tradeling B2B\Photos Management\Group01 2020-07-27\pictures, CAF-001-000_i05, .jpg
D:\Users\hamza\Dropbox\Digital Marketing\E-commerce Platform\tradeling B2B\Photos Management\Group01 2020-07-27\pictures, CAF-001-000_i06, .jpg
D:\Users\hamza\Dropbox\Digital Marketing\E-commerce Platform\tradeling B2B\Photos Management\Group01 2020-07-27\pictures, CAF-001-000_i07, .jpg
D:\Users\hamza\Dropbox\Photos\All Pictures\Caffe Trombetta, CAF-001-000_c01_0053_55gr_Caffe-Trombetta_L'Espresso-Decaffeinated-Capsule, .jpg
D:\Users\hamza\Dropbox\Photos\All Pictures\Caffe Trombetta, CAF-001-000_c02_0053_55GR_Caffe-Trombetta_L'Espresso-Decaffeinated-Capsule, .jpg
D:\Users\hamza\Dropbox\Photos\All Pictures\Caffe Trombetta, CAF-001-000_i01_0053_55GR_Caffe-Trombetta_L'Espresso-Decaffeinated-Capsule, .jpg
D:\Users\hamza\Dropbox\Photos\All Pictures\Caffe Trombetta, CAF-001-000_i02_0053_55gr_Caffe-Trombetta_L'Espresso-Decaffeinated-Capsule, .jpg
D:\Users\hamza\Dropbox\Photos\All Pictures\Caffe Trombetta, CAF-001-000_i03_0053_55gr_Caffe-Trombetta_L'Espresso-Decaffeinated-Capsule, .jpg
D:\Users\hamza\Dropbox\Photos\All Pictures\Caffe Trombetta, CAF-001-000_i04_0053_55GR_Caffe-Trombetta_L'Espresso-Decaffeinated-Capsule, .jpg
D:\Users\hamza\Dropbox\Photos\All Pictures\Caffe Trombetta, CAF-001-000_i05_0053_55GR_Caffe-Trombetta_L'Espresso-Decaffeinated-Capsule, .jpg
D:\Users\hamza\Dropbox\Photos\All Pictures\Caffe Trombetta, CAF-001-000_i06_0053_55gr_Caffe-Trombetta_L'Espresso-Decaffeinated-Capsule, .jpg
D:\Users\hamza\Dropbox\Photos\All Pictures\Caffe Trombetta, CAF-001-000_i07_0053_55gr_Caffe-Trombetta_L'Espresso-Decaffeinated-Capsule, .jpg
D:\$RECYCLE.BIN\S-1-5-21-2307816424-1236573662-2333273563-1001\$R0J3C9Z\Caffe Trombetta, CAF-003-000_c01_0039_55gr_Caffe-Trombetta_L'Espresso-Arabica-Capsule, .jpg
D:\$RECYCLE.BIN\S-1-5-21-2307816424-1236573662-2333273563-1001\$R0J3C9Z\Caffe Trombetta, CAF-003-000_i01_0039_55gr_Caffe-Trombetta_L'Espresso-Arabica-Capsule, .jpg
D:\$RECYCLE.BIN\S-1-5-21-2307816424-1236573662-2333273563-1001\$R0J3C9Z\Caffe Trombetta, CAF-003-000_i02_0039_55gr_Caffe-Trombetta_L'Espresso-Arabica-Capsule, .jpg
D:\$RECYCLE.BIN\S-1-5-21-2307816424-1236573662-2333273563-1001\$R0J3C9Z\Caffe Trombetta, CAF-003-000_i03_0039_55gr_Caffe-Trombetta_L'Espresso-Arabica-Capsule, .jpg
D:\$RECYCLE.BIN\S-1-5-21-2307816424-1236573662-2333273563-1001\$R0J3C9Z\Caffe Trombetta, CAF-003-000_i04_0039_55gr_Caffe-Trombetta_L'Espresso-Arabica-Capsule, .jpg
D:\Users\hamza\Dropbox\Digital Marketing\E-commerce Platform\Dubai store\photos, CAF-003-000_01, .jpg
D:\Users\hamza\Dropbox\Digital Marketing\E-commerce Platform\Dubai store\photos, CAF-003-000_02, .jpg
D:\Users\hamza\Dropbox\Digital Marketing\E-commerce Platform\Dubai store\photos, CAF-003-000_03, .jpg
D:\Users\hamza\Dropbox\Digital Marketing\E-commerce Platform\tradeling B2B\Photos Management\Group01 2020-07-27\pictures, CAF-003-000_i01, .jpg
D:\Users\hamza\Dropbox\Digital Marketing\E-commerce Platform\tradeling B2B\Photos Management\Group01 2020-07-27\pictures, CAF-003-000_i02, .jpg
D:\Users\hamza\Dropbox\Digital Marketing\E-commerce Platform\tradeling B2B\Photos Management\Group01 2020-07-27\pictures, CAF-003-000_i03, .jpg
D:\Users\hamza\Dropbox\Digital Marketing\E-commerce Platform\tradeling B2B\Photos Management\Group01 2020-07-27\pictures, CAF-003-000_i04, .jpg
D:\Users\hamza\Dropbox\Photos\All Pictures\Caffe Trombetta, CAF-003-000_c01_0039_55gr_Caffe-Trombetta_L'Espresso-Arabica-Capsule, .jpg
D:\Users\hamza\Dropbox\Photos\All Pictures\Caffe Trombetta, CAF-003-000_i01_0039_55gr_Caffe-Trombetta_L'Espresso-Arabica-Capsule, .jpg
D:\Users\hamza\Dropbox\Photos\All Pictures\Caffe Trombetta, CAF-003-000_i02_0039_55gr_Caffe-Trombetta_L'Espresso-Arabica-Capsule, .jpg
D:\Users\hamza\Dropbox\Photos\All Pictures\Caffe Trombetta, CAF-003-000_i03_0039_55gr_Caffe-Trombetta_L'Espresso-Arabica-Capsule, .jpg
D:\Users\hamza\Dropbox\Photos\All Pictures\Caffe Trombetta, CAF-003-000_i04_0039_55gr_Caffe-Trombetta_L'Espresso-Arabica-Capsule, .jpg
D:\$RECYCLE.BIN\S-1-5-21-2307816424-1236573662-2333273563-1001\$R0J3C9Z\Chocotalia, CHO-001-006_c01_4607_1KG_Chocotalia_Praline-Chocolate-19994-ASSORTED-BROWN-BAG, .jpg
D:\$RECYCLE.BIN\S-1-5-21-2307816424-1236573662-2333273563-1001\$R0J3C9Z\Chocotalia, CHO-001-006_i01_4607_1KG_Chocotalia_Praline-Chocolate-19994-ASSORTED-BROWN-BAG, .jpg
D:\$RECYCLE.BIN\S-1-5-21-2307816424-1236573662-2333273563-1001\$R0J3C9Z\Chocotalia, CHO-001-006_i02_4607_1KG_Chocotalia_Praline-Chocolate-19994-ASSORTED-BROWN-BAG, .jpg
D:\$RECYCLE.BIN\S-1-5-21-2307816424-1236573662-2333273563-1001\$R0J3C9Z\Chocotalia, CHO-001-006_i03_4607_1KG_Chocotalia_Praline-Chocolate-19994-ASSORTED-BROWN-BAG, .jpg
D:\$RECYCLE.BIN\S-1-5-21-2307816424-1236573662-2333273563-1001\$R0J3C9Z\Chocotalia, CHO-001-006_i04_4607_1KG_Chocotalia_Praline-Chocolate-19994-ASSORTED-BROWN-BAG, .jpg
D:\$RECYCLE.BIN\S-1-5-21-2307816424-1236573662-2333273563-1001\$R0J3C9Z\Chocotalia, CHO-001-006_i05_4607_1KG_Chocotalia_Praline-Chocolate-19994-ASSORTED-BROWN-BAG, .jpg
D:\$RECYCLE.BIN\S-1-5-21-2307816424-1236573662-2333273563-1001\$R0J3C9Z\Chocotalia, CHO-001-006_i06_4607_1KG_Chocotalia_Praline-Chocolate-19994-ASSORTED-BROWN-BAG, .jpg
D:\$RECYCLE.BIN\S-1-5-21-2307816424-1236573662-2333273563-1001\$R0J3C9Z\Chocotalia, CHO-001-006_i07_4607_1KG_Chocotalia_Praline-Chocolate-19994-ASSORTED-BROWN-BAG, .jpg
D:\Users\hamza\Dropbox\Photos\All Pictures\Chocotalia, CHO-001-006_c01_9942_1KG_Chocotalia_Praline-Chocolate-19994-ASSORTED-BROWN-BAG, .jpg
D:\Users\hamza\Dropbox\Photos\All Pictures\Chocotalia, CHO-001-006_i01_9942_1KG_Chocotalia_Praline-Chocolate-19994-ASSORTED-BROWN-BAG, .jpg
D:\Users\hamza\Dropbox\Photos\All Pictures\Chocotalia, CHO-001-006_i02_9942_1KG_Chocotalia_Praline-Chocolate-19994-ASSORTED-BROWN-BAG, .jpg
D:\Users\hamza\Dropbox\Photos\All Pictures\Chocotalia, CHO-001-006_i03_9942_1KG_Chocotalia_Praline-Chocolate-19994-ASSORTED-BROWN-BAG, .jpg
D:\Users\hamza\Dropbox\Photos\All Pictures\Chocotalia, CHO-001-006_i04_9942_1KG_Chocotalia_Praline-Chocolate-19994-ASSORTED-BROWN-BAG, .jpg
D:\Users\hamza\Dropbox\Photos\All Pictures\Chocotalia, CHO-001-006_i05_9942_1KG_Chocotalia_Praline-Chocolate-19994-ASSORTED-BROWN-BAG, .jpg
D:\Users\hamza\Dropbox\Photos\All Pictures\Chocotalia, CHO-001-006_i06_9942_1KG_Chocotalia_Praline-Chocolate-19994-ASSORTED-BROWN-BAG, .jpg
D:\Users\hamza\Dropbox\Photos\All Pictures\Chocotalia, CHO-001-006_i07_9942_1KG_Chocotalia_Praline-Chocolate-19994-ASSORTED-BROWN-BAG, .jpg
D:\Users\hamza\Dropbox\Photos\raw & resources images\Chocovia, CHV-030-000_c01_3346_3KG_Chocovia_Dark-Chocolate-Coffee-Beans-Dragee, .jpg
D:\Users\hamza\Dropbox\Photos\raw & resources images\Chocovia, CHV-030-000_i01_3346_3KG_Chocovia_Dark-Chocolate-Coffee-Beans-Dragee, .jpg
D:\Users\hamza\Dropbox\Photos\raw & resources images\Chocovia, CHV-030-000_i02_3346_3KG_Chocovia_Dark-Chocolate-Coffee-Beans-Dragee, .jpg
D:\Users\hamza\Dropbox\Photos\raw & resources images\Chocovia, CHV-030-000_i03_3346_3KG_Chocovia_Dark-Chocolate-Coffee-Beans-Dragee, .jpg
D:\Users\hamza\Dropbox\Photos\raw & resources images\Chocovia, CHV-030-000_i04_3346_3KG_Chocovia_Dark-Chocolate-Coffee-Beans-Dragee, .jpg
D:\Users\hamza\Dropbox\Photos\raw & resources images\Chocovia, CHV-030-000_i05_3346_3KG_Chocovia_Dark-Chocolate-Coffee-Beans-Dragee, .jpg
D:\Users\hamza\Dropbox\Photos\raw & resources images\Chocovia, CHV-030-000_i06_3346_3KG_Chocovia_Dark-Chocolate-Coffee-Beans-Dragee, .jpg
D:\Users\hamza\Dropbox\Photos\raw & resources images\Chocovia, CHV-030-000_i07_3346_3KG_Chocovia_Dark-Chocolate-Coffee-Beans-Dragee, .jpg
D:\Users\hamza\Dropbox\Photos\raw & resources images\Chocovia, CHV-030-000_i08_3346_3KG_Chocovia_Dark-Chocolate-Coffee-Beans-Dragee, .jpg
D:\Users\hamza\Dropbox\Photos\raw & resources images\Chocovia, CHV-024-000_c01_3292_3KG_Chocovia_Dark-Chocolate-Orange-Dragee, .jpg
D:\Users\hamza\Dropbox\Photos\raw & resources images\Chocovia, CHV-024-000_i01_3292_3KG_Chocovia_Dark-Chocolate-Orange-Dragee, .jpg
D:\Users\hamza\Dropbox\Photos\raw & resources images\Chocovia, CHV-024-000_i02_3292_3KG_Chocovia_Dark-Chocolate-Orange-Dragee, .jpg
D:\Users\hamza\Dropbox\Photos\raw & resources images\Chocovia, CHV-024-000_i03_3292_3KG_Chocovia_Dark-Chocolate-Orange-Dragee, .jpg
D:\Users\hamza\Dropbox\Photos\raw & resources images\Chocovia, CHV-024-000_i04_3292_3KG_Chocovia_Dark-Chocolate-Orange-Dragee, .jpg
D:\Users\hamza\Dropbox\Photos\raw & resources images\Chocovia, CHV-024-000_i05_3292_3KG_Chocovia_Dark-Chocolate-Orange-Dragee, .jpg
D:\Users\hamza\Dropbox\Photos\raw & resources images\Chocovia, CHV-024-000_i06_3292_3KG_Chocovia_Dark-Chocolate-Orange-Dragee, .jpg
D:\Users\hamza\Dropbox\Photos\raw & resources images\Chocovia, CHV-024-000_i08_3292_3KG_Chocovia_Dark-Chocolate-Orange-Dragee, .jpg
D:\Users\hamza\Dropbox\Documnets\NADHER\Photos upload, DKT-002-001, .jpg
D:\Users\hamza\Dropbox\.dropbox.cache\2020-01-15, ELT-187-000_c01_2976_400GR_Elit_Fruit-Filled-Fruit-Mix-Candy (deleted 3af54f8763e56887e54d739fcea3f4f8), .jpg
D:\Users\hamza\Dropbox\.dropbox.cache\2020-01-15, ELT-187-000_i01_2976_400GR_Elit_Fruit-Filled-Fruit-Mix-Candy (deleted 2959820be84f37838c657301012f0024), .jpg
D:\Users\hamza\Dropbox\.dropbox.cache\2020-01-15, ELT-187-000_i02_2976_400GR_Elit_Fruit-Filled-Fruit-Mix-Candy (deleted bae276c0665cc1f5c1fe83f694d9c232), .jpg
D:\Users\hamza\Dropbox\.dropbox.cache\2020-01-15, ELT-187-000_i03_2976_400GR_Elit_Fruit-Filled-Fruit-Mix-Candy (deleted 5951d102a21d2b8131ade12643ece492), .jpg
D:\Users\hamza\Dropbox\Photos\All Pictures\Elit, ELT-187-000_c01_2976_400GR_Elit_Fruit-Filled-Fruit-Mix-Candy, .jpg
D:\Users\hamza\Dropbox\Photos\All Pictures\Elit, ELT-187-000_i01_2976_400GR_Elit_Fruit-Filled-Fruit-Mix-Candy, .jpg
D:\Users\hamza\Dropbox\Photos\All Pictures\Elit, ELT-187-000_i02_2976_400GR_Elit_Fruit-Filled-Fruit-Mix-Candy, .jpg
D:\Users\hamza\Dropbox\Photos\All Pictures\Elit, ELT-187-000_i03_2976_400GR_Elit_Fruit-Filled-Fruit-Mix-Candy, .jpg
D:\Users\hamza\Dropbox\.dropbox.cache\2020-01-15, ELT-178-000_c01_5564_1KG_Elit_Milk-And-Caramel-Candy (deleted 8d217571e1fc42ff46b5334fe3649b88), .jpg
D:\Users\hamza\Dropbox\.dropbox.cache\2020-01-15, ELT-178-000_i01_5564_1KG_Elit_Milk-And-Caramel-Candy (deleted 70aab1ec66d6f895d999046bab18aacf), .jpg
D:\Users\hamza\Dropbox\.dropbox.cache\2020-01-15, ELT-178-000_i02_5564_1KG_Elit_Milk-And-Caramel-Candy (deleted 6d781f1f7897de0720d5881f5280832e), .jpg
D:\Users\hamza\Dropbox\.dropbox.cache\2020-01-15, ELT-178-000_i03_5564_1KG_Elit_Milk-And-Caramel-Candy (deleted 4a79679afb33f373fbffe58d070aa1c0), .jpg
D:\Users\hamza\Dropbox\Photos\All Pictures\Elit, ELT-178-000_c01_5564_1KG_Elit_Milk-And-Caramel-Candy, .jpg
D:\Users\hamza\Dropbox\Photos\All Pictures\Elit, ELT-178-000_i01_5564_1KG_Elit_Milk-And-Caramel-Candy, .jpg
D:\Users\hamza\Dropbox\Photos\All Pictures\Elit, ELT-178-000_i02_5564_1KG_Elit_Milk-And-Caramel-Candy, .jpg
D:\Users\hamza\Dropbox\Photos\All Pictures\Elit, ELT-178-000_i03_5564_1KG_Elit_Milk-And-Caramel-Candy, .jpg
D:\Users\hamza\Dropbox\.dropbox.cache\2020-01-15, ELT-182-000_c01_5731_1KG_Elit_Scotch-Candy-(Dtpink-Wrap-Orange) (deleted 9476a491b0403323193c25cf4212b23a), .jpg
D:\Users\hamza\Dropbox\.dropbox.cache\2020-01-15, ELT-182-000_i01_5731_1KG_Elit_Scotch-Candy-(Dtpink-Wrap-Orange) (deleted 3f0e767a4bccf36d1d3fa4eb7860f16d), .jpg
D:\Users\hamza\Dropbox\.dropbox.cache\2020-01-15, ELT-182-000_i02_5731_1KG_Elit_Scotch-Candy-(Dtpink-Wrap-Orange) (deleted 22a10d6f1cf5cdabb9494171bc897345), .jpg
D:\Users\hamza\Dropbox\.dropbox.cache\2020-01-15, ELT-182-000_i03_5731_1KG_Elit_Scotch-Candy-(Dtpink-Wrap-Orange) (deleted bf6f7a27e2ca6c4da503da7f0ff9b01b), .jpg
D:\Users\hamza\Dropbox\Photos\All Pictures\Elit, ELT-182-000_c01_5731_1KG_Elit_Scotch-Candy-(Dtpink-Wrap-Orange), .jpg
D:\Users\hamza\Dropbox\Photos\All Pictures\Elit, ELT-182-000_i01_5731_1KG_Elit_Scotch-Candy-(Dtpink-Wrap-Orange), .jpg
D:\Users\hamza\Dropbox\Photos\All Pictures\Elit, ELT-182-000_i02_5731_1KG_Elit_Scotch-Candy-(Dtpink-Wrap-Orange), .jpg
D:\Users\hamza\Dropbox\Photos\All Pictures\Elit, ELT-182-000_i03_5731_1KG_Elit_Scotch-Candy-(Dtpink-Wrap-Orange), .jpg
D:\Users\hamza\Dropbox\Photos\pictures Noon extra, ELT-182-000_i02_5731_1KG_Elit_Scotch-Candy-(Dtpink-Wrap-Orange), .jpg
D:\Users\hamza\Dropbox\Photos\raw & resources images\Elit, ELT-010-000_i01_0232_54GR_Elit_Choco-Spoon-Milk&Dark-Chocolate, .jpg
D:\Users\hamza\Dropbox\Photos\raw & resources images\Elit, ELT-010-000_i02_0232_54GR_Elit_Choco-Spoon-Milk&Dark-Chocolate, .jpg
D:\Users\hamza\Dropbox\Photos\raw & resources images\Elit, ELT-010-000_i03_0232_54GR_Elit_Choco-Spoon-Milk&Dark-Chocolate, .jpg
D:\Users\hamza\Dropbox\Photos\raw & resources images\Elit, ELT-010-000_i04_0232_54GR_Elit_Choco-Spoon-Milk&Dark-Chocolate, .jpg
D:\Users\hamza\Dropbox\Photos\raw & resources images\Elit, ELT-010-000_i05_0232_54GR_Elit_Choco-Spoon-Milk&Dark-Chocolate, .jpg
D:\Users\hamza\Dropbox\Photos\raw & resources images\Elit, ELT-010-000_i06_0232_54GR_Elit_Choco-Spoon-Milk&Dark-Chocolate, .jpg
D:\Users\hamza\Dropbox\.dropbox.cache\2020-01-15, ELT-181-000_c01_5717_1KG_Elit_Scotch-Candy-(Dt-Blue-Wrap-Lemon) (deleted b91219e8e49348becf10755404388742), .jpg
D:\Users\hamza\Dropbox\.dropbox.cache\2020-01-15, ELT-181-000_i01_5717_1KG_Elit_Scotch-Candy-(Dt-Blue-Wrap-Lemon) (deleted 3d1c9a8c62a956e3e722a9585e4ee06c), .jpg
D:\Users\hamza\Dropbox\.dropbox.cache\2020-01-15, ELT-181-000_i02_5717_1KG_Elit_Scotch-Candy-(Dt-Blue-Wrap-Lemon) (deleted 0daf7555cc247afd0f15a74c4e723392), .jpg
D:\Users\hamza\Dropbox\.dropbox.cache\2020-01-15, ELT-181-000_i03_5717_1KG_Elit_Scotch-Candy-(Dt-Blue-Wrap-Lemon) (deleted aa84a68a82ed6cb44bcd478b8806f968), .jpg
D:\Users\hamza\Dropbox\Photos\All Pictures\Elit, ELT-181-000_c01_5717_1KG_Elit_Scotch-Candy-(Dt-Blue-Wrap-Lemon), .jpg
D:\Users\hamza\Dropbox\Photos\All Pictures\Elit, ELT-181-000_i01_5717_1KG_Elit_Scotch-Candy-(Dt-Blue-Wrap-Lemon), .jpg
D:\Users\hamza\Dropbox\Photos\All Pictures\Elit, ELT-181-000_i02_5717_1KG_Elit_Scotch-Candy-(Dt-Blue-Wrap-Lemon), .jpg
D:\Users\hamza\Dropbox\Photos\All Pictures\Elit, ELT-181-000_i03_5717_1KG_Elit_Scotch-Candy-(Dt-Blue-Wrap-Lemon), .jpg
D:\Users\hamza\Dropbox\Photos\pictures Noon extra, ELT-181-000_i02_5717_1KG_Elit_Scotch-Candy-(Dt-Blue-Wrap-Lemon), .jpg
D:\Users\hamza\Dropbox\.dropbox.cache\2020-01-15, ELT-155-000_c01_7353_125GR_Elit_Milk-Chocolate-Covered-With-Stra (deleted 475b0001ea4af54c6feb890c74b9f379), .jpg
D:\Users\hamza\Dropbox\.dropbox.cache\2020-01-15, ELT-155-000_i01_7353_125GR_Elit_Milk-Chocolate-Covered-With-Stra (deleted aaa4bb80aaf65055f719896097d8066e), .jpg
D:\Users\hamza\Dropbox\.dropbox.cache\2020-01-15, ELT-155-000_i02_7353_125GR_Elit_Milk-Chocolate-Covered-With-Stra (deleted 5987fe4dc7a97ef7211b3ede82fe9c3d), .jpg
D:\Users\hamza\Dropbox\.dropbox.cache\2020-01-15, ELT-155-000_i04_7353_125GR_Elit_Milk-Chocolate-Covered-With-Stra (deleted e87b90d878624e75a65d2518e8b69cbf), .jpg
D:\Users\hamza\Dropbox\Photos\All Pictures\Elit, ELT-155-000_c01_7353_125GR_Elit_Milk-Chocolate-Covered-With-Strawberry, .jpg
D:\Users\hamza\Dropbox\Photos\All Pictures\Elit, ELT-155-000_i01_7353_125GR_Elit_Milk-Chocolate-Covered-With-Strawberry, .jpg
D:\Users\hamza\Dropbox\Photos\All Pictures\Elit, ELT-155-000_i02_7353_125GR_Elit_Milk-Chocolate-Covered-With-Strawberry, .jpg
D:\Users\hamza\Dropbox\Photos\All Pictures\Elit, ELT-155-000_i04_7353_125GR_Elit_Milk-Chocolate-Covered-With-Strawberry, .jpg
D:\Users\hamza\Dropbox\.dropbox.cache\2020-01-15, ELT-146-000_c01_6363_117GR_Elit_Truffle-Mix-Chocolate-Box (deleted 238372b69afed81d94004a0049c98d56), .jpg
D:\Users\hamza\Dropbox\.dropbox.cache\2020-01-15, ELT-146-000_c02_6363_117GR_Elit_Truffle-Mix-Chocolate-Box (deleted 621d0647572bc5984d2b3ccbdeee9f3a), .jpg
D:\Users\hamza\Dropbox\.dropbox.cache\2020-01-15, ELT-146-000_i02_6363_117GR_Elit_Truffle-Mix-Chocolate-Box (deleted 6d5153ef765329b96364c3414a9b7775), .jpg
D:\Users\hamza\Dropbox\.dropbox.cache\2020-01-15, ELT-146-000_i03_6363_117GR_Elit_Truffle-Mix-Chocolate-Box (deleted 2c2a03b55d49f2f9891b2f2c417941d0), .jpg
D:\Users\hamza\Dropbox\Photos\All Pictures\Elit, ELT-146-000_c01_6363_117GR_Elit_Truffle-Mix-Chocolate-Box, .jpg
D:\Users\hamza\Dropbox\Photos\All Pictures\Elit, ELT-146-000_c02_6363_117GR_Elit_Truffle-Mix-Chocolate-Box, .jpg
D:\Users\hamza\Dropbox\Photos\All Pictures\Elit, ELT-146-000_i02_6363_117GR_Elit_Truffle-Mix-Chocolate-Box, .jpg
D:\Users\hamza\Dropbox\Photos\All Pictures\Elit, ELT-146-000_i03_6363_117GR_Elit_Truffle-Mix-Chocolate-Box, .jpg
D:\Users\hamza\Dropbox\.dropbox.cache\2020-01-15, ELT-037-000_c01_4758_112GR_Elit_Gourmet-Collection-With-Milk-Cho (deleted 13ff4ada333ae8eb7739efb8d480007d), .jpg
D:\Users\hamza\Dropbox\.dropbox.cache\2020-01-15, ELT-037-000_i01_4758_112GR_Elit_Gourmet-Collection-With-Milk-Cho (deleted c7504004aef7867d944b8d876a98b2a6), .jpg
D:\Users\hamza\Dropbox\.dropbox.cache\2020-01-15, ELT-037-000_i02_4758_112GR_Elit_Gourmet-Collection-With-Milk-Cho (deleted ab359901420d32b4449ad424a428a8fd), .jpg
D:\Users\hamza\Dropbox\.dropbox.cache\2020-01-15, ELT-037-000_i03_4758_112GR_Elit_Gourmet-Collection-With-Milk-Cho (deleted f218b3ce0c989a0dabd668bd63ed67ef), .jpg
D:\Users\hamza\Dropbox\.dropbox.cache\2020-01-15, ELT-037-000_i04_4758_112GR_Elit_Gourmet-Collection-With-Milk-Cho (deleted 38c3efb73f3cfcc2e0a7da6431a16951), .jpg
D:\Users\hamza\Dropbox\.dropbox.cache\2020-01-15, ELT-037-000_i05_4758_112GR_Elit_Gourmet-Collection-With-Milk-Cho (deleted 57a26ecbab83bdf72c805c036cb3e89b), .jpg
D:\Users\hamza\Dropbox\.dropbox.cache\2020-01-15, ELT-037-000_i06_4758_112GR_Elit_Gourmet-Collection-With-Milk-Cho (deleted 6d539e5dc72fdda3c68683f0843c0573), .jpg
D:\Users\hamza\Dropbox\Photos\All Pictures\Elit, ELT-037-000_c01_4758_112GR_Elit_Gourmet-Collection-With-Milk-Chocolate-Filling, .jpg
D:\Users\hamza\Dropbox\Photos\All Pictures\Elit, ELT-037-000_i01_4758_112GR_Elit_Gourmet-Collection-With-Milk-Chocolate-Filling, .jpg
D:\Users\hamza\Dropbox\Photos\All Pictures\Elit, ELT-037-000_i02_4758_112GR_Elit_Gourmet-Collection-With-Milk-Chocolate-Filling, .jpg
D:\Users\hamza\Dropbox\Photos\All Pictures\Elit, ELT-037-000_i03_4758_112GR_Elit_Gourmet-Collection-With-Milk-Chocolate-Filling, .jpg
D:\Users\hamza\Dropbox\Photos\All Pictures\Elit, ELT-037-000_i04_4758_112GR_Elit_Gourmet-Collection-With-Milk-Chocolate-Filling, .jpg
D:\Users\hamza\Dropbox\Photos\All Pictures\Elit, ELT-037-000_i05_4758_112GR_Elit_Gourmet-Collection-With-Milk-Chocolate-Filling, .jpg
D:\Users\hamza\Dropbox\Photos\All Pictures\Elit, ELT-037-000_i06_4758_112GR_Elit_Gourmet-Collection-With-Milk-Chocolate-Filling, .jpg
D:\Users\hamza\Dropbox\Photos\raw & resources images\Elit, ELT-037-000_i01_4758_112GR_Elit_Gourmet-Collection-With-Milk-Chocolate-Filling, .jpg
D:\Users\hamza\Dropbox\Photos\raw & resources images\Elit, ELT-037-000_i02_4758_112GR_Elit_Gourmet-Collection-With-Milk-Chocolate-Filling, .jpg
D:\Users\hamza\Dropbox\Photos\raw & resources images\Elit, ELT-037-000_i03_4758_112GR_Elit_Gourmet-Collection-With-Milk-Chocolate-Filling, .jpg
D:\Users\hamza\Dropbox\.dropbox.cache\2020-01-15, ELT-095-000_c01_5236_180GR_Elit_Gourmet-Collection-Truffle-Fancy (deleted 25c345e359c29bf731bbb9e459bc3a8c), .jpg
D:\Users\hamza\Dropbox\.dropbox.cache\2020-01-15, ELT-095-000_c02_5236_180GR_Elit_Gourmet-Collection-Truffle-Fancy (deleted d0c4ec4ea704ecbdc13a432fd33dd30f), .jpg
D:\Users\hamza\Dropbox\.dropbox.cache\2020-01-15, ELT-095-000_i01_5236_180GR_Elit_Gourmet-Collection-Truffle-Fancy (deleted 341608a17af783ed48f80b2ea55efb61), .jpg
D:\Users\hamza\Dropbox\.dropbox.cache\2020-01-15, ELT-095-000_i02_5236_180GR_Elit_Gourmet-Collection-Truffle-Fancy (deleted dcbdb2bc0288493f74483663d28b1b74), .jpg
D:\Users\hamza\Dropbox\.dropbox.cache\2020-01-15, ELT-095-000_i03_5236_180GR_Elit_Gourmet-Collection-Truffle-Fancy (deleted 81c239625b03cf4f00b89eb24b0ac1f6), .jpg
D:\Users\hamza\Dropbox\.dropbox.cache\2020-01-15, ELT-095-000_i04_5236_180GR_Elit_Gourmet-Collection-Truffle-Fancy (deleted b9175d3195f92993b5c705f6088f60f6), .jpg
D:\Users\hamza\Dropbox\.dropbox.cache\2020-01-15, ELT-095-000_i05_5236_180GR_Elit_Gourmet-Collection-Truffle-Fancy (deleted 25de3918511e0cf8e7118faae2b931b7), .jpg
D:\Users\hamza\Dropbox\.dropbox.cache\2020-01-15, ELT-095-000_i06_5236_180GR_Elit_Gourmet-Collection-Truffle-Fancy (deleted ed22a26525f2511e34945c81bfe9a2bf), .jpg
D:\Users\hamza\Dropbox\Photos\All Pictures\Elit, ELT-095-000_c01_5236_180GR_Elit_Gourmet-Collection-Truffle-Fancy-Dark-Chocolate, .jpg
D:\Users\hamza\Dropbox\Photos\All Pictures\Elit, ELT-095-000_c02_5236_180GR_Elit_Gourmet-Collection-Truffle-Fancy-Dark-Chocolate, .jpg
D:\Users\hamza\Dropbox\Photos\All Pictures\Elit, ELT-095-000_i01_5236_180GR_Elit_Gourmet-Collection-Truffle-Fancy-Dark-Chocolate, .jpg
D:\Users\hamza\Dropbox\Photos\All Pictures\Elit, ELT-095-000_i02_5236_180GR_Elit_Gourmet-Collection-Truffle-Fancy-Dark-Chocolate, .jpg
D:\Users\hamza\Dropbox\Photos\All Pictures\Elit, ELT-095-000_i03_5236_180GR_Elit_Gourmet-Collection-Truffle-Fancy-Dark-Chocolate, .jpg
D:\Users\hamza\Dropbox\Photos\All Pictures\Elit, ELT-095-000_i04_5236_180GR_Elit_Gourmet-Collection-Truffle-Fancy-Dark-Chocolate, .jpg
D:\Users\hamza\Dropbox\Photos\All Pictures\Elit, ELT-095-000_i05_5236_180GR_Elit_Gourmet-Collection-Truffle-Fancy-Dark-Chocolate, .jpg
D:\Users\hamza\Dropbox\Photos\All Pictures\Elit, ELT-095-000_i06_5236_180GR_Elit_Gourmet-Collection-Truffle-Fancy-Dark-Chocolate, .jpg
D:\Users\hamza\Dropbox\.dropbox.cache\2020-01-15, ELT-077-000_c01_5858_250GR_Elit_Gold-Assortment-Of-Chocolate-Fru (deleted c4eef1e32043ed52428762155e1e6b07), .jpg
D:\Users\hamza\Dropbox\.dropbox.cache\2020-01-15, ELT-077-000_i01_5858_250GR_Elit_Gold-Assortment-Of-Chocolate-Fru (deleted 61d2a4f25984aea352bb1fca9acf5a88), .jpg
D:\Users\hamza\Dropbox\.dropbox.cache\2020-01-15, ELT-077-000_i02_5858_250GR_Elit_Gold-Assortment-Of-Chocolate-Fru (deleted 22e9ff8ac062ba176d4135e2deac1278), .jpg
D:\Users\hamza\Dropbox\.dropbox.cache\2020-01-15, ELT-077-000_i03_5858_250GR_Elit_Gold-Assortment-Of-Chocolate-Fru (deleted 59a301614823ae2202f39d7f8d73239f), .jpg
D:\Users\hamza\Dropbox\.dropbox.cache\2020-01-15, ELT-077-000_i04_5858_250GR_Elit_Gold-Assortment-Of-Chocolate-Fru (deleted e115c7c7bb9a41eac8bfbec26c23fa6b), .jpg
D:\Users\hamza\Dropbox\.dropbox.cache\2020-01-15, ELT-077-000_i05_5858_250GR_Elit_Gold-Assortment-Of-Chocolate-Fru (deleted 2d2b54c379efae25e66b77c3b6897bab), .jpg
D:\Users\hamza\Dropbox\.dropbox.cache\2020-01-15, ELT-077-000_i12_5858_250GR_Elit_Gold-Assortment-Of-Chocolate-Fru (deleted b9cd85892f4fac4d5bfaa81c6b39675d), .jpg
D:\Users\hamza\Dropbox\Photos\All Pictures\Elit, ELT-077-000_c01_5858_250GR_Elit_Gold-Assortment-Of-Chocolate-Fruits-And-Nuts, .jpg
D:\Users\hamza\Dropbox\Photos\All Pictures\Elit, ELT-077-000_i01_5858_250GR_Elit_Gold-Assortment-Of-Chocolate-Fruits-And-Nuts, .jpg
D:\Users\hamza\Dropbox\Photos\All Pictures\Elit, ELT-077-000_i02_5858_250GR_Elit_Gold-Assortment-Of-Chocolate-Fruits-And-Nuts, .jpg
D:\Users\hamza\Dropbox\Photos\All Pictures\Elit, ELT-077-000_i03_5858_250GR_Elit_Gold-Assortment-Of-Chocolate-Fruits-And-Nuts, .jpg
D:\Users\hamza\Dropbox\Photos\All Pictures\Elit, ELT-077-000_i04_5858_250GR_Elit_Gold-Assortment-Of-Chocolate-Fruits-And-Nuts, .jpg
D:\Users\hamza\Dropbox\Photos\All Pictures\Elit, ELT-077-000_i05_5858_250GR_Elit_Gold-Assortment-Of-Chocolate-Fruits-And-Nuts, .jpg
D:\Users\hamza\Dropbox\Photos\All Pictures\Elit, ELT-077-000_i12_5858_250GR_Elit_Gold-Assortment-Of-Chocolate-Fruits-And-Nuts, .jpg
D:\Users\hamza\Dropbox\Photos\raw & resources images\Elit, ELT-077-000_i01_5858_250GR_Elit_Gold-Assortment-Of-Chocolate-Fruits-And-Nuts, .jpg
D:\Users\hamza\Dropbox\Photos\raw & resources images\Elit, ELT-077-000_i02_5858_250GR_Elit_Gold-Assortment-Of-Chocolate-Fruits-And-Nuts, .jpg
D:\Users\hamza\Dropbox\Photos\raw & resources images\Elit, ELT-077-000_i03_5858_250GR_Elit_Gold-Assortment-Of-Chocolate-Fruits-And-Nuts, .jpg
D:\Users\hamza\Dropbox\Photos\raw & resources images\Elit, ELT-077-000_i04_5858_250GR_Elit_Gold-Assortment-Of-Chocolate-Fruits-And-Nuts, .jpg
D:\Users\hamza\Dropbox\Photos\raw & resources images\Elit, ELT-077-000_i05_5858_250GR_Elit_Gold-Assortment-Of-Chocolate-Fruits-And-Nuts, .jpg
D:\Users\hamza\Dropbox\.dropbox.cache\2020-01-15, ELT-040-000_c01_8818_1KG_Elit_Bohem-Milk-Chocolate-Square-Bag (deleted 9ef03689d4309988896c22d767939b01), .jpg
D:\Users\hamza\Dropbox\.dropbox.cache\2020-01-15, ELT-040-000_i01_8818_1KG_Elit_Bohem-Milk-Chocolate-Square-Bag (deleted c22e764214b23fc7cd8101e0f55d3c2e), .jpg
D:\Users\hamza\Dropbox\.dropbox.cache\2020-01-15, ELT-040-000_i02_8818_1KG_Elit_Bohem-Milk-Chocolate-Square-Bag (deleted 6646445d5d51bff71beb1470c5ac9e7b), .jpg
D:\Users\hamza\Dropbox\.dropbox.cache\2020-01-15, ELT-040-000_i03_8818_1KG_Elit_Bohem-Milk-Chocolate-Square-Bag (deleted f3ed4dfcf5a0d8c5e13afc57608b34c2), .jpg
D:\Users\hamza\Dropbox\Photos\All Pictures\Elit, ELT-040-000_c01_8818_1KG_Elit_Bohem-Milk-Chocolate-Square-Bag, .jpg
D:\Users\hamza\Dropbox\Photos\All Pictures\Elit, ELT-040-000_i01_8818_1KG_Elit_Bohem-Milk-Chocolate-Square-Bag, .jpg
D:\Users\hamza\Dropbox\Photos\All Pictures\Elit, ELT-040-000_i02_8818_1KG_Elit_Bohem-Milk-Chocolate-Square-Bag, .jpg
D:\Users\hamza\Dropbox\Photos\All Pictures\Elit, ELT-040-000_i03_8818_1KG_Elit_Bohem-Milk-Chocolate-Square-Bag, .jpg
D:\Users\hamza\Dropbox\Photos\raw & resources images\Elit, ELT-040-000_i01_8818_1KG_Elit_Bohem-Milk-Chocolate-Square-Bag, .jpg
D:\Users\hamza\Dropbox\Photos\raw & resources images\Elit, ELT-040-000_i02_8818_1KG_Elit_Bohem-Milk-Chocolate-Square-Bag, .jpg
D:\Users\hamza\Dropbox\Photos\raw & resources images\Elit, ELT-040-000_i03_8818_1KG_Elit_Bohem-Milk-Chocolate-Square-Bag, .jpg
D:\Users\hamza\Dropbox\Documnets\Ravi\noon ravie\new product, GUR-002-000_i01, .JPG
D:\Users\hamza\Dropbox\Photos\All Pictures\Hacizade, HAC-038-000_c01_6076_500GR_Hacizade_Turkish-Delight-With-Pistachio&Nuts, .jpg
D:\Users\hamza\Dropbox\Photos\All Pictures\Hacizade, HAC-038-000_i01_6076_500GR_Hacizade_Turkish-Delight-With-Pistachio&Nuts, .jpg
D:\Users\hamza\Dropbox\Photos\All Pictures\Hacizade, HAC-038-000_i02_6076_500GR_Hacizade_Turkish-Delight-With-Pistachio&Nuts, .jpg
D:\Users\hamza\Dropbox\Photos\All Pictures\Hacizade, HAC-038-000_i03_6076_500GR_Hacizade_Turkish-Delight-With-Pistachio&Nuts, .jpg
D:\Users\hamza\Dropbox\Photos\All Pictures\Hacizade, HAC-035-000_c01_6090_500GR_Hacizade_Turkish-Delight-With-Orange,-Lemon,-Rose&Coconut, .jpg
D:\Users\hamza\Dropbox\Photos\All Pictures\Hacizade, HAC-035-000_i01_6090_500GR_Hacizade_Turkish-Delight-With-Orange,-Lemon,-Rose&Coconut, .jpg
D:\Users\hamza\Dropbox\Photos\All Pictures\Hacizade, HAC-035-000_i02_6090_500GR_Hacizade_Turkish-Delight-With-Orange,-Lemon,-Rose&Coconut, .jpg
D:\Users\hamza\Dropbox\Photos\All Pictures\Hacizade, HAC-035-000_i03_6090_500GR_Hacizade_Turkish-Delight-With-Orange,-Lemon,-Rose&Coconut, .jpg
D:\Users\hamza\Dropbox\Photos\Website_Photo\Photos By Yasmeen\Hacizade, HAC-035-000_c01_6090_500GR_Hacizade_Turkish-Delight-With-Orange,-Lemon,-Rose&Coconut, .jpg
D:\Users\hamza\Dropbox\Photos\Website_Photo\Photos By Yasmeen\Hacizade, HAC-035-000_i01_6090_500GR_Hacizade_Turkish-Delight-With-Orange,-Lemon,-Rose&Coconut, .jpg
D:\Users\hamza\Dropbox\Photos\All Pictures\Hacizade, HAC-036-000_c01_6083_500GR_Hacizade_Turkish-Delight-With-Assorted-Fruits, .jpg
D:\Users\hamza\Dropbox\Photos\All Pictures\Hacizade, HAC-036-000_i01_6083_500GR_Hacizade_Turkish-Delight-With-Assorted-Fruits, .jpg
D:\Users\hamza\Dropbox\Photos\All Pictures\Hacizade, HAC-036-000_i02_6083_500GR_Hacizade_Turkish-Delight-With-Assorted-Fruits, .jpg
D:\Users\hamza\Dropbox\Photos\All Pictures\Hacizade, HAC-036-000_i03_6083_500GR_Hacizade_Turkish-Delight-With-Assorted-Fruits, .jpg
D:\Users\hamza\Dropbox\Photos\All Pictures\Hacizade, HAC-036-000_i04_6083_500GR_Hacizade_Turkish-Delight-With-Assorted-Fruits, .jpg
D:\Users\hamza\Dropbox\Photos\Website_Photo\Photos By Yasmeen\Hacizade, HAC-036-000_c01_6083_500GR_Hacizade_Turkish-Delight-With-Assorted-Fruits, .jpg
D:\Users\hamza\Dropbox\Photos\Website_Photo\Photos By Yasmeen\Hacizade, HAC-036-000_i01_6083_500GR_Hacizade_Turkish-Delight-With-Assorted-Fruits, .jpg
D:\Users\hamza\Dropbox\Photos\All Pictures\Hacizade, HAC-034-000_c01_6106_500GR_Hacizade_Turkish-Delight-Mixed-Nuts-With-Pistachio&Hazelnut, .jpg
D:\Users\hamza\Dropbox\Photos\All Pictures\Hacizade, HAC-034-000_i01_6106_500GR_Hacizade_Turkish-Delight-Mixed-Nuts-With-Pistachio&Hazelnut, .jpg
D:\Users\hamza\Dropbox\Photos\All Pictures\Hacizade, HAC-034-000_i02_6106_500GR_Hacizade_Turkish-Delight-Mixed-Nuts-With-Pistachio&Hazelnut, .jpg
D:\Users\hamza\Dropbox\Photos\All Pictures\Hacizade, HAC-034-000_i03_6106_500GR_Hacizade_Turkish-Delight-Mixed-Nuts-With-Pistachio&Hazelnut, .jpg
D:\Users\hamza\Dropbox\Photos\All Pictures\Hacizade, HAC-037-000_c01_7172_500GR_Hacizade_Turkish-Delight-With-Hazelnut-(Hazelnut), .jpg
D:\Users\hamza\Dropbox\Photos\All Pictures\Hacizade, HAC-037-000_i01_7172_500GR_Hacizade_Turkish-Delight-With-Hazelnut-(Hazelnut), .jpg
D:\Users\hamza\Dropbox\Photos\All Pictures\Hacizade, HAC-037-000_i02_7172_500GR_Hacizade_Turkish-Delight-With-Hazelnut-(Hazelnut), .jpg
D:\Users\hamza\Dropbox\Photos\All Pictures\Hacizade, HAC-037-000_i03_7172_500GR_Hacizade_Turkish-Delight-With-Hazelnut-(Hazelnut), .jpg
D:\Users\hamza\Dropbox\Photos\All Pictures\incap, INC-023-000_c01_2883_500GR_Incap_Morbidelle-Maxi-Gusti, .jpg
D:\Users\hamza\Dropbox\Photos\All Pictures\incap, INC-023-000_c02_2883_500gr_Incap_Morbidelle-Maxi-Gusti, .jpg
D:\Users\hamza\Dropbox\Photos\All Pictures\incap, INC-023-000_i01_2883_500GR_Incap_Morbidelle-Maxi-Gusti, .jpg
D:\Users\hamza\Dropbox\Photos\All Pictures\incap, INC-023-000_i02_2883_500GR_Incap_Morbidelle-Maxi-Gusti, .jpg
D:\Users\hamza\Dropbox\Photos\All Pictures\incap, INC-023-000_i03_2883_500gr_Incap_Morbidelle-Maxi-Gusti, .jpg
D:\Users\hamza\Dropbox\Photos\All Pictures\incap, INC-023-000_i04_2883_500gr_Incap_Morbidelle-Maxi-Gusti, .jpg
D:\Users\hamza\Dropbox\Photos\raw & resources images\incap, INC-023-000_c01_2883_500GR_Incap_Morbidelle-Maxi-Gusti, .jpg
D:\Users\hamza\Dropbox\Photos\raw & resources images\incap, INC-023-000_i01_2883_500GR_Incap_Morbidelle-Maxi-Gusti, .jpg
D:\Users\hamza\Dropbox\Photos\raw & resources images\incap, INC-023-000_i02_2883_500GR_Incap_Morbidelle-Maxi-Gusti, .jpg
D:\Users\hamza\Dropbox\Photos\All Pictures\incap, INC-012-000_c01_4504_500gr_Incap_Spicchi, .jpg
D:\Users\hamza\Dropbox\Photos\All Pictures\incap, INC-012-000_i02_4504_500gr_Incap_Spicchi, .jpg
D:\Users\hamza\Dropbox\Photos\All Pictures\incap, INC-012-000_i03_4504_500gr_Incap_Spicchi, .jpg
D:\Users\hamza\Dropbox\Photos\All Pictures\incap, INC-020-000_c01_0193_500GR_Incap_Menta-Ripiena, .jpg
D:\Users\hamza\Dropbox\Photos\All Pictures\incap, INC-020-000_c02_0193_500gr_Incap_Menta-Ripiena, .jpg
D:\Users\hamza\Dropbox\Photos\All Pictures\incap, INC-020-000_i01_0193_500GR_Incap_Menta-Ripiena, .jpg
D:\Users\hamza\Dropbox\Photos\All Pictures\incap, INC-020-000_i02_0193_500gr_Incap_Menta-Ripiena, .jpg
D:\Users\hamza\Dropbox\Photos\All Pictures\incap, INC-020-000_i03_0193_500GR_Incap_Menta-Ripiena, .jpg
D:\Users\hamza\Dropbox\Photos\All Pictures\incap, INC-020-000_i04_0193_500GR_Incap_Menta-Ripiena, .jpg
D:\Users\hamza\Dropbox\Photos\All Pictures\incap, INC-020-000_i05_0193_500gr_Incap_Menta-Ripiena, .jpg
D:\Users\hamza\Dropbox\Photos\raw & resources images\incap, INC-020-000_c01_0193_500GR_Incap_Menta-Ripiena, .jpg
D:\Users\hamza\Dropbox\Photos\raw & resources images\incap, INC-020-000_i01_0193_500GR_Incap_Menta-Ripiena, .jpg
D:\Users\hamza\Dropbox\Photos\raw & resources images\incap, INC-020-000_i02_0193_500GR_Incap_Menta-Ripiena, .jpg
D:\Users\hamza\Dropbox\Photos\raw & resources images\incap, INC-020-000_i03_0193_500GR_Incap_Menta-Ripiena, .jpg
D:\Users\hamza\Dropbox\Photos\All Pictures\incap, INC-024-000_c01_3507_500GR_Incap_Misto-Venezia, .jpg
D:\Users\hamza\Dropbox\Photos\All Pictures\incap, INC-024-000_c02_3507_500gr_Incap_Misto-Venezia, .jpg
D:\Users\hamza\Dropbox\Photos\All Pictures\incap, INC-024-000_i01_3507_500GR_Incap_Misto-Venezia, .jpg
D:\Users\hamza\Dropbox\Photos\All Pictures\incap, INC-024-000_i02_3507_500gr_Incap_Misto-Venezia, .jpg
D:\Users\hamza\Dropbox\Photos\All Pictures\incap, INC-024-000_i03_3507_500GR_Incap_Misto-Venezia, .jpg
D:\Users\hamza\Dropbox\Photos\All Pictures\incap, INC-024-000_i04_3507_500GR_Incap_Misto-Venezia, .jpg
D:\Users\hamza\Dropbox\Photos\All Pictures\incap, INC-024-000_i05_3507_500gr_Incap_Misto-Venezia, .jpg
D:\Users\hamza\Dropbox\Photos\raw & resources images\incap, INC-024-000_c01_3507_500GR_Incap_Misto-Venezia, .jpg
D:\Users\hamza\Dropbox\Photos\raw & resources images\incap, INC-024-000_i01_3507_500GR_Incap_Misto-Venezia, .jpg
D:\Users\hamza\Dropbox\Photos\raw & resources images\incap, INC-024-000_i02_3507_500GR_Incap_Misto-Venezia, .jpg
D:\Users\hamza\Dropbox\Photos\raw & resources images\incap, INC-024-000_i03_3507_500GR_Incap_Misto-Venezia, .jpg
D:\Users\hamza\Dropbox\Photos\All Pictures\incap, INC-017-000_c01_0216_500GR_Incap_Oh-My-Love-Frutta, .jpg
D:\Users\hamza\Dropbox\Photos\All Pictures\incap, INC-017-000_c02_0216_500gr_Incap_Oh-My-Love-Frutta, .jpg
D:\Users\hamza\Dropbox\Photos\All Pictures\incap, INC-017-000_i01_0216_500GR_Incap_Oh-My-Love-Frutta, .jpg
D:\Users\hamza\Dropbox\Photos\All Pictures\incap, INC-017-000_i02_0216_500GR_Incap_Oh-My-Love-Frutta, .jpg
D:\Users\hamza\Dropbox\Photos\All Pictures\incap, INC-017-000_i03_0216_500GR_Incap_Oh-My-Love-Frutta, .jpg
D:\Users\hamza\Dropbox\Photos\All Pictures\incap, INC-017-000_i04_0216_500gr_Incap_Oh-My-Love-Frutta, .jpg
D:\Users\hamza\Dropbox\Photos\raw & resources images\incap, INC-017-000_c01_0216_500GR_Incap_Oh-My-Love-Frutta, .jpg
D:\Users\hamza\Dropbox\Photos\raw & resources images\incap, INC-017-000_i01_0216_500GR_Incap_Oh-My-Love-Frutta, .jpg
D:\Users\hamza\Dropbox\Photos\raw & resources images\incap, INC-017-000_i02_0216_500GR_Incap_Oh-My-Love-Frutta, .jpg
D:\Users\hamza\Dropbox\Photos\raw & resources images\incap, INC-017-000_i03_0216_500GR_Incap_Oh-My-Love-Frutta, .jpg
D:\Users\hamza\Dropbox\Photos\All Pictures\incap, INC-015-000_c01_0148_500gr_Incap_Morbidella-Assortita, .jpg
D:\Users\hamza\Dropbox\Photos\All Pictures\incap, INC-015-000_c01_0308_500GR_Incap_Morbidella-Assortita, .jpg
D:\Users\hamza\Dropbox\Photos\All Pictures\incap, INC-015-000_i01_0308_500GR_Incap_Morbidella-Assortita, .jpg
D:\Users\hamza\Dropbox\Photos\All Pictures\incap, INC-015-000_i02_0148_500gr_Incap_Morbidella-Assortita, .jpg
D:\Users\hamza\Dropbox\Photos\All Pictures\incap, INC-015-000_i02_0308_500GR_Incap_Morbidella-Assortita, .jpg
D:\Users\hamza\Dropbox\Photos\All Pictures\incap, INC-015-000_i03_0148_500gr_Incap_Morbidella-Assortita, .jpg
D:\Users\hamza\Dropbox\Photos\All Pictures\incap, INC-015-000_i03_0308_500GR_Incap_Morbidella-Assortita, .jpg
D:\Users\hamza\Dropbox\Photos\raw & resources images\incap, INC-015-000_c01_0148_500GR_Incap_Morbidella-Assortita, .jpg
D:\Users\hamza\Dropbox\Photos\raw & resources images\incap, INC-015-000_i01_0148_500GR_Incap_Morbidella-Assortita, .jpg
D:\Users\hamza\Dropbox\Photos\raw & resources images\incap, INC-015-000_i02_0148_500GR_Incap_Morbidella-Assortita, .jpg
D:\Users\hamza\Dropbox\Photos\raw & resources images\incap, INC-015-000_i03_0148_500GR_Incap_Morbidella-Assortita, .jpg
D:\Users\hamza\Dropbox\Photos\All Pictures\incap, INC-019-000_c01_1046_500GR_Incap_Spicchi-Le-Voila-Caramella, .jpg
D:\Users\hamza\Dropbox\Photos\All Pictures\incap, INC-019-000_c02_1046_500gr_Incap_Spicchi-Le-Voila-Caramella, .jpg
D:\Users\hamza\Dropbox\Photos\All Pictures\incap, INC-019-000_i01_1046_500GR_Incap_Spicchi-Le-Voila-Caramella, .jpg
D:\Users\hamza\Dropbox\Photos\All Pictures\incap, INC-019-000_i02_1046_500GR_Incap_Spicchi-Le-Voila-Caramella, .jpg
D:\Users\hamza\Dropbox\Photos\All Pictures\incap, INC-019-000_i03_1046_500GR_Incap_Spicchi-Le-Voila-Caramella, .jpg
D:\Users\hamza\Dropbox\Photos\All Pictures\incap, INC-019-000_i04_1046_500gr_Incap_Spicchi-Le-Voila-Caramella, .jpg
D:\Users\hamza\Dropbox\Photos\raw & resources images\incap, INC-019-000_c01_1046_500GR_Incap_Spicchi-Le-Voila-Caramella, .jpg
D:\Users\hamza\Dropbox\Photos\raw & resources images\incap, INC-019-000_i01_1046_500GR_Incap_Spicchi-Le-Voila-Caramella, .jpg
D:\Users\hamza\Dropbox\Photos\raw & resources images\incap, INC-019-000_i02_1046_500GR_Incap_Spicchi-Le-Voila-Caramella, .jpg
D:\Users\hamza\Dropbox\Photos\raw & resources images\incap, INC-019-000_i03_1046_500GR_Incap_Spicchi-Le-Voila-Caramella, .jpg
D:\Users\hamza\Dropbox\Photos\Website_Photo\Photos By Yasmeen\Jazam, JAZ-003-000_c01_4500_1KG_Jazam_Chocomais-Top-Dark-Chocolate-Block, .jpg
D:\Users\hamza\Dropbox\Photos\Website_Photo\Photos By Yasmeen\Jazam, JAZ-003-000_i01_4500_1KG_Jazam_Chocomais-Top-Dark-Chocolate-Block, .jpg
D:\Users\hamza\Dropbox\Photos\Website_Photo\Photos By Yasmeen\Jazam, JAZ-003-000_i02_4500_1KG_Jazam_Chocomais-Top-Dark-Chocolate-Block, .jpg
D:\Users\hamza\Dropbox\Photos\Website_Photo\Photos By Yasmeen\Jazam, JAZ-001-000_c01_4289_1KG_Jazam_Chocomais-Top-Milk-Chocolate-Block, .jpg
D:\Users\hamza\Dropbox\Photos\Website_Photo\Photos By Yasmeen\Jazam, JAZ-001-000_i01_4289_1KG_Jazam_Chocomais-Top-Milk-Chocolate-Block, .jpg
D:\Users\hamza\Dropbox\Photos\Website_Photo\Photos By Yasmeen\Jazam, JAZ-001-000_i02_4289_1KG_Jazam_Chocomais-Top-Milk-Chocolate-Block, .jpg
D:\Users\hamza\Dropbox\Photos\Website_Photo\Photos By Yasmeen\Jazam, JAZ-002-000_c01_5132_1KG_Jazam_Chocomais-Top-White-Chocolate-Block, .jpg
D:\Users\hamza\Dropbox\Photos\Website_Photo\Photos By Yasmeen\Jazam, JAZ-002-000_i01_5132_1KG_Jazam_Chocomais-Top-White-Chocolate-Block, .jpg
D:\Users\hamza\Dropbox\Photos\Website_Photo\Photos By Yasmeen\Jazam, JAZ-002-000_i02_5132_1KG_Jazam_Chocomais-Top-White-Chocolate-Block, .jpg
D:\Users\hamza\Dropbox\Photos\All Pictures\jouyco, JOU-002-000_c01_9306_1KG_Jouy&Co_Chewizz-Fruit-Chew-Soft-Candy, .jpg
D:\Users\hamza\Dropbox\Photos\All Pictures\jouyco, JOU-002-000_i01_9306_1KG_Jouy&Co_Chewizz-Fruit-Chew-Soft-Candy, .jpg
D:\Users\hamza\Dropbox\Photos\All Pictures\jouyco, JOU-002-000_i02_9306_1KG_Jouy&Co_Chewizz-Fruit-Chew-Soft-Candy, .jpg
D:\Users\hamza\Dropbox\Photos\All Pictures\jouyco, JOU-002-000_i03_9306_1KG_Jouy&Co_Chewizz-Fruit-Chew-Soft-Candy, .jpg
D:\Users\hamza\Dropbox\Photos\All Pictures\Laica, LAC-104-000_c01_6196_100GR_Laica_Extra-Dark-72-Chocolate-Bar, .jpg
D:\Users\hamza\Dropbox\Photos\All Pictures\Laica, LAC-104-000_i01_6196_100GR_Laica_Extra-Dark-72-Chocolate-Bar, .jpg
D:\Users\hamza\Dropbox\Photos\All Pictures\Laica, LAC-108-000_c01_5611_85GR_Laica_Milk-Chocolate-Emotion-Coins-Net-Bag, .jpg
D:\Users\hamza\Dropbox\Photos\All Pictures\Laica, LAC-108-000_i01_5611_85GR_Laica_Milk-Chocolate-Emotion-Coins-Net-Bag, .jpg
D:\Users\hamza\Dropbox\Photos\All Pictures\Laica, LAC-111-000_c01_3588_100GR_Laica_Milk-Chocolate-Coins&Banknote-Net-Bag, .jpg
D:\Users\hamza\Dropbox\Photos\All Pictures\Laica, LAC-111-000_i01_3588_100GR_Laica_Milk-Chocolate-Coins&Banknote-Net-Bag, .jpg
D:\Users\hamza\Dropbox\Photos\All Pictures\Laica, LAC-111-000_i02_3588_100GR_Laica_Milk-Chocolate-Coins&Banknote-Net-Bag, .jpg
D:\Users\hamza\Dropbox\Documnets\Ravi\pakal with s code, PAK-032-000_I01_3833_3KG_ TAYF_MILKY_CHOCOLATE_COATED_COCONUT_DRAGEE, .jpg
D:\Users\hamza\Dropbox\Photos\All Pictures\pakal, PAK-032-000_I01_3789_3KG_ TAYF_MILKY_CHOCOLATE_COATED_COCONUT_DRAGEE, .jpg
D:\Users\hamza\Dropbox\Documnets\Ravi\pakal with s code, PAK-038-000_i01_3390_230GR_GANIMET_MIX DRAGEE_BOX, .jpg
D:\Users\hamza\Dropbox\Documnets\Ravi\pakal with s code, PAK-038-000_i02_3390_230GR_GANIMET_MIX DRAGEE_BOX, .jpg
D:\Users\hamza\Dropbox\Documnets\Ravi\pakal with s code, PAK-038-000_i03_3390_230GR_GANIMET_MIX DRAGEE_BOX, .jpg
D:\Users\hamza\Dropbox\Photos\All Pictures\pakal, PAK-038-000_i01_3390_230GR_GANIMET_MIX DRAGEE_BOX, .jpg
D:\Users\hamza\Dropbox\Photos\All Pictures\pakal, PAK-038-000_i02_3390_230GR_GANIMET_MIX DRAGEE_BOX, .jpg
D:\Users\hamza\Dropbox\Photos\All Pictures\pakal, PAK-038-000_i03_3390_230GR_GANIMET_MIX DRAGEE_BOX, .jpg
D:\Users\hamza\Dropbox\Documnets\Ravi\pakal with s code, PAK-035-000_i01_3666_60GR_TAYF_SPOON_CHOCOLATES, .jpg
D:\Users\hamza\Dropbox\Documnets\Ravi\pakal with s code, PAK-035-000_i02_3666_60GR_TAYF_SPOON_CHOCOLATES, .jpg
D:\Users\hamza\Dropbox\Documnets\Ravi\pakal with s code, PAK-035-000_i03_3666_60GR_TAYF_SPOON_CHOCOLATES, .jpg
D:\Users\hamza\Dropbox\Photos\All Pictures\pakal, PAK-035-000_i01_3666_60GR_TAYF_SPOON_CHOCOLATES, .jpg
D:\Users\hamza\Dropbox\Photos\All Pictures\pakal, PAK-035-000_i02_3666_60GR_TAYF_SPOON_CHOCOLATES, .jpg
D:\Users\hamza\Dropbox\Photos\All Pictures\pakal, PAK-035-000_i03_3666_60GR_TAYF_SPOON_CHOCOLATES, .jpg
D:\Users\hamza\Dropbox\Documnets\Ravi\pakal with s code, PAK-048-000_i01_1679_15GR_PAKEL_SPECKLED_EGGS_CHOCOLATE_COATED_JELLY, .jpg
D:\Users\hamza\Dropbox\Documnets\Ravi\pakal with s code, PAK-048-000_i02_1679_15GR_PAKEL_SPECKLED_EGGS_CHOCOLATE_COATED_JELLY, .jpg
D:\Users\hamza\Dropbox\Documnets\Ravi\pakal with s code, PAK-048-000_i03_1679_15GR_PAKEL_SPECKLED_EGGS_CHOCOLATE_COATED_JELLY, .jpg
D:\Users\hamza\Dropbox\Photos\All Pictures\pakal, PAK-048-000_i01_1679_15GR_PAKEL_SPECKLED_EGGS_CHOCOLATE_COATED_JELLY, .jpg
D:\Users\hamza\Dropbox\Photos\All Pictures\pakal, PAK-048-000_i02_1679_15GR_PAKEL_SPECKLED_EGGS_CHOCOLATE_COATED_JELLY, .jpg
D:\Users\hamza\Dropbox\Photos\All Pictures\pakal, PAK-048-000_i03_1679_15GR_PAKEL_SPECKLED_EGGS_CHOCOLATE_COATED_JELLY, .jpg
D:\Users\hamza\Dropbox\Documnets\Ravi\pakal with s code, PAK-028-000_i01_3796_3KG_TAYF_WHITE_CHOCOLATE_COVERED_ALMOND_DRAGEE_BANANA_FLAVOR, .jpg
D:\Users\hamza\Dropbox\Photos\All Pictures\pakal, PAK-028-000_i01_3796_3KG_TAYF_WHITE_CHOCOLATE_COVERED_ALMOND_DRAGEE_BANANA_FLAVOR, .jpg
D:\Users\hamza\Dropbox\Documnets\Ravi\pakal with s code, PAK-001-000_i01_3024_3KG_TAYF_BLUE_COLORED_ALMOND_DRAGEE, .jpg
D:\Users\hamza\Dropbox\Photos\All Pictures\pakal, PAK-001-000_i01_3024_3KG_TAYF_BLUE_COLORED_ALMOND_DRAGEE, .jpg
D:\Users\hamza\Dropbox\Documnets\Ravi\pakal with s code, PAK-046-000_i01_1044_120GR_TAYF_REAL_CHOCOLATE_STONE_DRAGEE, .jpg
D:\Users\hamza\Dropbox\Documnets\Ravi\pakal with s code, PAK-046-000_i02_1044_120GR_TAYF_REAL_CHOCOLATE_STONE_DRAGEE, .jpg
D:\Users\hamza\Dropbox\Documnets\Ravi\pakal with s code, PAK-046-000_i03_1044_120GR_TAYF_REAL_CHOCOLATE_STONE_DRAGEE, .jpg
D:\Users\hamza\Dropbox\Photos\All Pictures\pakal, PAK-046-000_i01_1044_120GR_TAYF_REAL_CHOCOLATE_STONE_DRAGEE, .jpg
D:\Users\hamza\Dropbox\Photos\All Pictures\pakal, PAK-046-000_i02_1044_120GR_TAYF_REAL_CHOCOLATE_STONE_DRAGEE, .jpg
D:\Users\hamza\Dropbox\Photos\All Pictures\pakal, PAK-046-000_i03_1044_120GR_TAYF_REAL_CHOCOLATE_STONE_DRAGEE, .jpg
D:\Users\hamza\Dropbox\Documnets\Ravi\pakal with s code, PAK-002-000_I01_3031_3KG_TAYF_PINK_COLORED_ALMOND_DRAGEE, .jpg
D:\Users\hamza\Dropbox\Photos\All Pictures\pakal, PAK-002-000_I01_3031_3KG_TAYF_PINK_COLORED_ALMOND_DRAGEE, .jpg
D:\Users\hamza\Dropbox\Documnets\Ravi\pakal with s code, PAK-013-000_i01_3192_3KG_ TAYF_COLORFUL_MINI_SILVER_GILT_MUSHROOM_DRAGEE, .jpg
D:\Users\hamza\Dropbox\Photos\All Pictures\pakal, PAK-013-000_i01_3192_3KG_ TAYF_COLORFUL_MINI_SILVER_GILT_MUSHROOM_DRAGEE, .jpg
D:\Users\hamza\Dropbox\Documnets\Ravi\pakal with s code, PAK-019-000_I01_3208_3KG_TAYF_COLORFUL_MINI_GOLD_GILT_MUSHROOM_DRAGEE, .jpg
D:\Users\hamza\Dropbox\Photos\All Pictures\pakal, PAK-019-000_I01_3208_3KG_TAYF_COLORFUL_MINI_GOLD_GILT_MUSHROOM_DRAGEE, .jpg
D:\Users\hamza\Dropbox\Documnets\Ravi\pakal with s code, PAK-014-000_I01_2536_3KG_TAYF_COLORFUL_MINI_COPPER_GILT_MUSHROOM_DRAGEE, .jpg
D:\Users\hamza\Dropbox\Photos\All Pictures\pakal, PAK-014-000_I01_2536_3KG_TAYF_COLORFUL_MINI_COPPER_GILT_MUSHROOM_DRAGEE, .jpg
D:\Users\hamza\Dropbox\Documnets\Ravi\pakal with s code, PAK-033-000_I01_3840_3KG_TAYF_CHOCOLATE_&_COFFEE_COVERED_TURKISH_DELIGHT_DRAGEE, .jpg
D:\Users\hamza\Dropbox\Photos\All Pictures\pakal, PAK-033-000_I01_3840_3KG_TAYF_CHOCOLATE_&_COFFEE_COVERED_TURKISH_DELIGHT_DRAGEE, .jpg
D:\Users\hamza\Dropbox\Documnets\Ravi\pakal with s code, PAK-043-000_i01_3543_350GR_ HACISEKER_TURKISH_DELIGHT_WITH_MIX_FRUITS_FLAVOURS, .jpg
D:\Users\hamza\Dropbox\Photos\All Pictures\pakal, PAK-043-000_i01_3543_350GR_ HACISEKER_TURKISH_DELIGHT_WITH_MIX_FRUITS_FLAVOURS, .jpg
D:\Users\hamza\Dropbox\Documnets\Ravi\pakal with s code, PAK-022-000_i01_3451_3KG_TAYF_MILK_CHOCOLATE_COATED_COFFEE_DRAGEE, .jpg
D:\Users\hamza\Dropbox\Photos\All Pictures\pakal, PAK-022-000_i01_3451_3KG_TAYF_MILK_CHOCOLATE_COATED_COFFEE_DRAGEE, .jpg
D:\Users\hamza\Dropbox\Documnets\Ravi\pakal with s code, PAK-004-000_i01_3093_3KG_TAYF SILVER COLORED ALMOND DRAGEE, .jpg
D:\Users\hamza\Dropbox\Photos\All Pictures\pakal, PAK-004-000_i01_3093_3KG_TAYF SILVER COLORED ALMOND DRAGEE, .jpg
D:\Users\hamza\Dropbox\Photos\pictures Noon extra, RMA-002-000_i01_0176_1KG_Roma_Pura-Mania-Branca-White-Chocolate-Block, .jpg
D:\Users\hamza\Dropbox\Photos\pictures Noon extra, RMA-001-000_i01_0051_1KG_Roma_Pura-Mania-Milk-Chocolate-Block, .jpg
D:\Users\hamza\Dropbox\Photos\All Pictures\Saray, SAR-026-001_c01_0893_1KG_Saray_Crunch-ASSORTED, .jpg
D:\Users\hamza\Dropbox\Photos\All Pictures\Saray, SAR-026-001_i01_0893_1KG_Saray_Crunch-ASSORTED, .jpg
D:\Users\hamza\Dropbox\Photos\All Pictures\Saray, SAR-026-001_i02_0893_1KG_Saray_Crunch-ASSORTED, .jpg
D:\Users\hamza\Dropbox\Photos\All Pictures\Saray, SAR-026-001_i03_0893_1KG_Saray_Crunch-ASSORTED, .jpg
D:\Users\hamza\Dropbox\Photos\Mouslem & hamza picture list\existed Pic, SAR-026-001_i01_0893_1KG_Saray_Crunch-ASSORTED, .jpg
D:\Users\hamza\Dropbox\Photos\Mouslem & hamza picture list\existed Pic, SAR-026-001_i02_0893_1KG_Saray_Crunch-ASSORTED, .jpg
D:\Users\hamza\Dropbox\Photos\Mouslem & hamza picture list\existed Pic, SAR-026-001_i03_0893_1KG_Saray_Crunch-ASSORTED, .jpg
D:\Users\hamza\Dropbox\Photos\raw & resources images\Saray, SAR-026-001_c01_0893_1KG_Saray_Crunch-ASSORTED, .jpg
D:\Users\hamza\Dropbox\Photos\raw & resources images\Saray, SAR-026-001_i01_0893_1KG_Saray_Crunch-ASSORTED, .jpg
D:\Users\hamza\Dropbox\Photos\raw & resources images\Saray, SAR-026-001_i02_0893_1KG_Saray_Crunch-ASSORTED, .jpg
D:\Users\hamza\Dropbox\Photos\raw & resources images\Saray, SAR-026-001_i03_0893_1KG_Saray_Crunch-ASSORTED, .jpg
D:\Users\hamza\Dropbox\Photos\All Pictures\Saray, SAR-075-000_c01_1346_500GR_Saray_Crunch-Assorted-Chocolate, .jpg
D:\Users\hamza\Dropbox\Photos\All Pictures\Saray, SAR-075-000_i01_1346_500GR_Saray_Crunch-Assorted-Chocolate, .jpg
D:\Users\hamza\Dropbox\Photos\All Pictures\Saray, SAR-075-000_i02_1346_500GR_Saray_Crunch-Assorted-Chocolate, .jpg
D:\Users\hamza\Dropbox\Photos\All Pictures\Saray, SAR-075-000_i03_1346_500GR_Saray_Crunch-Assorted-Chocolate, .jpg
D:\Users\hamza\Dropbox\Photos\All Pictures\Saray, SAR-075-000_i04_1346_500GR_Saray_Crunch-Assorted-Chocolate, .jpg
D:\Users\hamza\Dropbox\Photos\raw & resources images\Saray, SAR-075-000_c01_1346_500GR_Saray_Crunch-Assorted-Chocolate, .jpg
D:\Users\hamza\Dropbox\Photos\raw & resources images\Saray, SAR-075-000_i01_1346_500GR_Saray_Crunch-Assorted-Chocolate, .jpg
D:\Users\hamza\Dropbox\Photos\raw & resources images\Saray, SAR-075-000_i02_1346_500GR_Saray_Crunch-Assorted-Chocolate, .jpg
D:\Users\hamza\Dropbox\Photos\raw & resources images\Saray, SAR-075-000_i03_1346_500GR_Saray_Crunch-Assorted-Chocolate, .jpg
D:\Users\hamza\Dropbox\Photos\raw & resources images\Saray, SAR-075-000_i04_1346_500GR_Saray_Crunch-Assorted-Chocolate, .jpg
D:\Users\hamza\Dropbox\Photos\Website_Photo\Photos By Yasmeen\Saray, SAR-075-000_c01_1346_500GR_Saray_Crunch-Assorted-Chocolate, .jpg
D:\Users\hamza\Dropbox\Photos\Website_Photo\Photos By Yasmeen\Saray, SAR-075-000_i01_1346_500GR_Saray_Crunch-Assorted-Chocolate, .jpg
D:\Users\hamza\Dropbox\Photos\Website_Photo\Photos By Yasmeen\Saray, SAR-075-000_i02_1346_500GR_Saray_Crunch-Assorted-Chocolate, .jpg
D:\Users\hamza\Dropbox\Photos\Website_Photo\Photos By Yasmeen\Saray, SAR-075-000_i03_1346_500GR_Saray_Crunch-Assorted-Chocolate, .jpg
D:\Users\hamza\Dropbox\Photos\Website_Photo\Photos By Yasmeen\Saray, SAR-075-000_i04_1346_500GR_Saray_Crunch-Assorted-Chocolate, .jpg
D:\Users\hamza\Dropbox\Photos\Website_Photo\Photos By Yasmeen\Saray, SAR-023-000_c01_1541_25GR_Saray_Sorf-Bar, .jpg
D:\Users\hamza\Dropbox\Photos\Website_Photo\Photos By Yasmeen\Saray, SAR-023-000_i01_1541_25GR_Saray_Sorf-Bar, .jpg
D:\Users\hamza\Dropbox\Photos\Website_Photo\Photos By Yasmeen\Saray, SAR-023-000_i02_1541_25GR_Saray_Sorf-Bar, .jpg
D:\Users\hamza\Dropbox\Photos\Website_Photo\Photos By Yasmeen\Saray, SAR-023-000_i03_1541_25GR_Saray_Sorf-Bar, .jpg
D:\Users\hamza\Dropbox\Photos\Website_Photo\Photos By Yasmeen\Saray, SAR-023-000_i04_1541_25GR_Saray_Sorf-Bar, .jpg
D:\Users\hamza\Dropbox\Photos\Website_Photo\Photos By Yasmeen\Saray, SAR-023-000_i05_1541_25GR_Saray_Sorf-Bar, .jpg
D:\Users\hamza\Dropbox\Photos\Website_Photo\Photos By Yasmeen\Saray, SAR-023-000_i06_1541_25GR_Saray_Sorf-Bar, .jpg
D:\Users\hamza\Dropbox\Photos\All Pictures\sarvan, SRV-001-000_c01_1497_800GR_Sarvan_Tofigo-Assorted-Fruit-Filled-Toffee-Bag, .jpg
D:\Users\hamza\Dropbox\Photos\All Pictures\sarvan, SRV-001-000_i01_1497_800GR_Sarvan_Tofigo-Assorted-Fruit-Filled-Toffee-Bag, .jpg
D:\Users\hamza\Dropbox\Photos\All Pictures\sarvan, SRV-001-000_i02_1497_800GR_Sarvan_Tofigo-Assorted-Fruit-Filled-Toffee-Bag, .jpg
D:\Users\hamza\Dropbox\Photos\All Pictures\sarvan, SRV-001-000_i03_1497_800GR_Sarvan_Tofigo-Assorted-Fruit-Filled-Toffee-Bag, .jpg
D:\Users\hamza\Dropbox\Photos\All Pictures\sarvan, SRV-002-000_c01_1305_800GR_Sarvan_Sweet-Assorted-Fruit-Soft-Candy-Bag, .jpg
D:\Users\hamza\Dropbox\Photos\All Pictures\sarvan, SRV-002-000_i01_1305_800GR_Sarvan_Sweet-Assorted-Fruit-Soft-Candy-Bag, .jpg
D:\Users\hamza\Dropbox\Photos\All Pictures\sarvan, SRV-002-000_i02_1305_800GR_Sarvan_Sweet-Assorted-Fruit-Soft-Candy-Bag, .jpg
D:\Users\hamza\Dropbox\Photos\All Pictures\sarvan, SRV-002-000_i03_1305_800GR_Sarvan_Sweet-Assorted-Fruit-Soft-Candy-Bag, .jpg
D:\Users\hamza\Dropbox\Photos\All Pictures\Socado, SOC-013-006_c01_0398_1KG_Socado_Milk-Chocolate-With-Hazelnut-Cream-ASSORTED-(STANDING-BAG), .jpg
D:\Users\hamza\Dropbox\Photos\All Pictures\Socado, SOC-013-006_i02_0398_1KG_Socado_Milk-Chocolate-With-Hazelnut-Cream-ASSORTED-(STANDING-BAG), .jpg
D:\Users\hamza\Dropbox\Photos\All Pictures\Socado, SOC-013-006_i03_0398_1KG_Socado_Milk-Chocolate-With-Hazelnut-Cream-ASSORTED-(STANDING-BAG), .jpg
D:\Users\hamza\Dropbox\Photos\All Pictures\Socado, SOC-013-006_i04_0398_1KG_Socado_Milk-Chocolate-With-Hazelnut-Cream-ASSORTED-(STANDING-BAG), .jpg
D:\Users\hamza\Dropbox\Photos\All Pictures\Socado, SOC-013-006_i05_0398_1KG_Socado_Milk-Chocolate-With-Hazelnut-Cream-ASSORTED-(STANDING-BAG), .jpg
D:\Users\hamza\Dropbox\Photos\All Pictures\Socado, SOC-009-009_i01_0350_1KG_Socado_Praline-Chocolate-GREEN-WRAP-MINT-CREAM, .jpg
D:\Users\hamza\Dropbox\Photos\All Pictures\Socado, SOC-009-009_i02_0350_1KG_Socado_Praline-Chocolate-GREEN-WRAP-MINT-CREAM, .jpg
D:\Users\hamza\Dropbox\Photos\All Pictures\Socado, SOC-009-009_i03_0350_1KG_Socado_Praline-Chocolate-GREEN-WRAP-MINT-CREAM, .jpg
D:\Users\hamza\Dropbox\Photos\raw & resources images\Socado, SOC-009-009_c01_0350_1KG_Socado_Praline-Chocolate-GREEN-WRAP-MINT-CREAM, .jpg
D:\Users\hamza\Dropbox\Photos\raw & resources images\Socado, SOC-009-009_i01_0350_1KG_Socado_Praline-Chocolate-GREEN-WRAP-MINT-CREAM, .jpg
D:\Users\hamza\Dropbox\Photos\raw & resources images\Socado, SOC-009-009_i02_0350_1KG_Socado_Praline-Chocolate-GREEN-WRAP-MINT-CREAM, .jpg
D:\Users\hamza\Dropbox\Photos\raw & resources images\Socado, SOC-009-009_i03_0350_1KG_Socado_Praline-Chocolate-GREEN-WRAP-MINT-CREAM, .jpg
D:\Users\hamza\Dropbox\Photos\Website_Photo\Photos By Yasmeen\finall socado, SOC-009-009_c01_0350_1KG_Socado_Praline-Chocolate-GREEN-WRAP-MINT-CREAM, .jpg
D:\Users\hamza\Dropbox\Photos\Website_Photo\Photos By Yasmeen\finall socado, SOC-009-009_i01_0350_1KG_Socado_Praline-Chocolate-GREEN-WRAP-MINT-CREAM, .jpg
D:\Users\hamza\Dropbox\Photos\Website_Photo\Photos By Yasmeen\finall socado, SOC-009-009_i02_0350_1KG_Socado_Praline-Chocolate-GREEN-WRAP-MINT-CREAM, .jpg
D:\Users\hamza\Dropbox\Photos\Website_Photo\Photos By Yasmeen\finall socado, SOC-009-009_i03_0350_1KG_Socado_Praline-Chocolate-GREEN-WRAP-MINT-CREAM, .jpg
D:\Users\hamza\Dropbox\Photos\Website_Photo\Photos By Yasmeen\finall socado, SOC-009-009_i04_0350_1KG_Socado_Praline-Chocolate-GREEN-WRAP-MINT-CREAM, .jpg
D:\Users\hamza\Dropbox\Photos\Website_Photo\Photos By Yasmeen\finall socado, SOC-009-009_i05_0350_1KG_Socado_Praline-Chocolate-GREEN-WRAP-MINT-CREAM, .jpg
D:\Users\hamza\Dropbox\Photos\All Pictures\Socado, SOC-043-000_c01_0848_500GR_Socado_Piaceri-Special-Mix, .jpg
D:\Users\hamza\Dropbox\Photos\All Pictures\Socado, SOC-043-000_i01_0848_500GR_Socado_Piaceri-Special-Mix, .jpg
D:\Users\hamza\Dropbox\Photos\All Pictures\Socado, SOC-043-000_i02_0848_500GR_Socado_Piaceri-Special-Mix, .jpg
D:\Users\hamza\Dropbox\Photos\All Pictures\Socado, SOC-043-000_i03_0848_500GR_Socado_Piaceri-Special-Mix, .jpg
D:\Users\hamza\Dropbox\Photos\All Pictures\Socado, SOC-041-001_i02_0350_500GR_Socado_Primevoglie-Assorted-Chocolate-Egg-GOLD, .jpg
D:\Users\hamza\Dropbox\Photos\All Pictures\Socado, SOC-041-001_i03_0350_500GR_Socado_Primevoglie-Assorted-Chocolate-Egg-GOLD, .jpg
D:\Users\hamza\Dropbox\Photos\All Pictures\Socado, SOC-041-001_i04_0350_500GR_Socado_Primevoglie-Assorted-Chocolate-Egg-GOLD, .jpg
D:\Users\hamza\Dropbox\Photos\Mouslem & hamza picture list\existed Pic, SOC-041-001_i02_5262_500GR_Socado_Primevoglie-Assorted-Chocolate-Egg-GOLD, .jpg
D:\Users\hamza\Dropbox\Photos\Mouslem & hamza picture list\existed Pic, SOC-041-001_i03_5262_500GR_Socado_Primevoglie-Assorted-Chocolate-Egg-GOLD, .jpg
D:\Users\hamza\Dropbox\Photos\Mouslem & hamza picture list\existed Pic, SOC-041-001_i04_5262_500GR_Socado_Primevoglie-Assorted-Chocolate-Egg-GOLD, .jpg
D:\Users\hamza\Dropbox\Photos\raw & resources images\Socado, SOC-041-001_c01_5262_500GR_Socado_Primevoglie-Assorted-Chocolate-Egg-GOLD, .jpg
D:\Users\hamza\Dropbox\Photos\raw & resources images\Socado, SOC-041-001_i02_5262_500GR_Socado_Primevoglie-Assorted-Chocolate-Egg-GOLD, .jpg
D:\Users\hamza\Dropbox\Photos\raw & resources images\Socado, SOC-041-001_i03_5262_500GR_Socado_Primevoglie-Assorted-Chocolate-Egg-GOLD, .jpg
D:\Users\hamza\Dropbox\Photos\raw & resources images\Socado, SOC-041-001_i04_5262_500GR_Socado_Primevoglie-Assorted-Chocolate-Egg-GOLD, .jpg
D:\Users\hamza\Dropbox\Photos\Website_Photo\Photos By Yasmeen\finall socado, SOC-041-001_c01_5262_500GR_Socado_Primevoglie-Assorted-Chocolate-Egg-GOLD, .jpg
D:\Users\hamza\Dropbox\Photos\Website_Photo\Photos By Yasmeen\finall socado, SOC-041-001_i01_5262_500GR_Socado_Primevoglie-Assorted-Chocolate-Egg-GOLD, .jpg
D:\Users\hamza\Dropbox\Photos\Website_Photo\Photos By Yasmeen\finall socado, SOC-041-001_i02_5262_500GR_Socado_Primevoglie-Assorted-Chocolate-Egg-GOLD, .jpg
D:\Users\hamza\Dropbox\Photos\Website_Photo\Photos By Yasmeen\finall socado, SOC-041-001_i03_5262_500GR_Socado_Primevoglie-Assorted-Chocolate-Egg-GOLD, .jpg
D:\Users\hamza\Dropbox\Photos\Website_Photo\Photos By Yasmeen\finall socado, SOC-022-000_c01_3116_100GR_Socado_Extra-Dark-Chocolate-Tablet, .jpg
D:\Users\hamza\Dropbox\Photos\Website_Photo\Photos By Yasmeen\finall socado, SOC-022-000_i01_3116_100GR_Socado_Extra-Dark-Chocolate-Tablet, .jpg
D:\Users\hamza\Dropbox\Photos\Website_Photo\Photos By Yasmeen\finall socado, SOC-022-000_i02_3116_100GR_Socado_Extra-Dark-Chocolate-Tablet, .jpg
D:\Users\hamza\Dropbox\Photos\Website_Photo\Photos By Yasmeen\finall socado, SOC-022-000_i03_3116_100GR_Socado_Extra-Dark-Chocolate-Tablet, .jpg
D:\Users\hamza\Dropbox\Photos\All Pictures\Socado, SOC-009-001_c01_0350_1KG_Socado_Praline-Chocolate-ASSORTED, .jpg
D:\Users\hamza\Dropbox\Photos\All Pictures\Socado, SOC-009-001_i01_0350_1KG_Socado_Praline-Chocolate-ASSORTED, .jpg
D:\Users\hamza\Dropbox\Photos\All Pictures\Socado, SOC-009-001_i02_0350_1KG_Socado_Praline-Chocolate-ASSORTED, .jpg
D:\Users\hamza\Dropbox\Photos\raw & resources images\Socado, SOC-009-001_c01_0350_1KG_Socado_Praline-Chocolate-ASSORTED, .jpg
D:\Users\hamza\Dropbox\Photos\raw & resources images\Socado, SOC-009-001_i01_0350_1KG_Socado_Praline-Chocolate-ASSORTED, .jpg
D:\Users\hamza\Dropbox\Photos\raw & resources images\Socado, SOC-009-001_i02_0350_1KG_Socado_Praline-Chocolate-ASSORTED, .jpg
D:\Users\hamza\Dropbox\Photos\Website_Photo\Photos By Yasmeen\finall socado, SOC-009-001_c01_0350_1KG_Socado_Praline-Chocolate-ASSORTED, .jpg
D:\Users\hamza\Dropbox\Photos\Website_Photo\Photos By Yasmeen\finall socado, SOC-009-001_i01_0350_1KG_Socado_Praline-Chocolate-ASSORTED, .jpg
D:\Users\hamza\Dropbox\Photos\Website_Photo\Photos By Yasmeen\finall socado, SOC-009-001_i02_0350_1KG_Socado_Praline-Chocolate-ASSORTED, .jpg
D:\Users\hamza\Dropbox\Photos\Website_Photo\Photos By Yasmeen\finall socado, SOC-009-001_i03_0350_1KG_Socado_Praline-Chocolate-ASSORTED, .jpg
D:\Users\hamza\Dropbox\Photos\Website_Photo\Photos By Yasmeen\finall socado, SOC-009-001_i04_0350_1KG_Socado_Praline-Chocolate-ASSORTED, .jpg
D:\Users\hamza\Dropbox\Photos\All Pictures\Socado, SOC-041-003_i02_0350_500GR_Socado_Primevoglie-Assorted-Chocolate-Egg-ASSORTED, .jpg
D:\Users\hamza\Dropbox\Photos\All Pictures\Socado, SOC-041-003_i03_0350_500GR_Socado_Primevoglie-Assorted-Chocolate-Egg-ASSORTED, .jpg
D:\Users\hamza\Dropbox\Photos\All Pictures\Socado, SOC-041-003_i04_0350_500GR_Socado_Primevoglie-Assorted-Chocolate-Egg-ASSORTED, .jpg
D:\Users\hamza\Dropbox\Photos\raw & resources images\Socado, SOC-041-003_i02_5262_500GR_Socado_Primevoglie-Assorted-Chocolate-Egg-ASSORTED, .jpg
D:\Users\hamza\Dropbox\Photos\raw & resources images\Socado, SOC-041-003_i03_5262_500GR_Socado_Primevoglie-Assorted-Chocolate-Egg-ASSORTED, .jpg
D:\Users\hamza\Dropbox\Photos\raw & resources images\Socado, SOC-041-003_i04_5262_500GR_Socado_Primevoglie-Assorted-Chocolate-Egg-ASSORTED, .jpg
D:\Users\hamza\Dropbox\Photos\Website_Photo\Photos By Yasmeen\finall socado, SOC-041-003_c01_5262_500GR_Socado_Primevoglie-Assorted-Chocolate-Egg-ASSORTED, .jpg
D:\Users\hamza\Dropbox\Photos\Website_Photo\Photos By Yasmeen\finall socado, SOC-041-003_i01_5262_500GR_Socado_Primevoglie-Assorted-Chocolate-Egg-ASSORTED, .jpg
D:\Users\hamza\Dropbox\Photos\Website_Photo\Photos By Yasmeen\finall socado, SOC-041-003_i02_5262_500GR_Socado_Primevoglie-Assorted-Chocolate-Egg-ASSORTED, .cr2
D:\Users\hamza\Dropbox\Photos\Website_Photo\Photos By Yasmeen\finall socado, SOC-041-003_i03_5262_500GR_Socado_Primevoglie-Assorted-Chocolate-Egg-ASSORTED, .jpg
D:\Users\hamza\Dropbox\Photos\All Pictures\Socado, SOC-014-001_i02_1384_1KG_Socado_Momenti-Hazelnut-RED, .jpg
D:\Users\hamza\Dropbox\Photos\All Pictures\Socado, SOC-014-001_i03_1384_1KG_Socado_Momenti-Hazelnut-RED, .jpg
D:\Users\hamza\Dropbox\Photos\All Pictures\Socado, SOC-014-001_i04_1384_1KG_Socado_Momenti-Hazelnut-RED, .jpg
D:\Users\hamza\Dropbox\Photos\All Pictures\Socado, SOC-014-001_i05_1384_1KG_Socado_Momenti-Hazelnut-RED, .jpg
D:\Users\hamza\Dropbox\Photos\All Pictures\Socado, SOC-014-001_i06_1384_1KG_Socado_Momenti-Hazelnut-RED, .jpg
D:\Users\hamza\Dropbox\Photos\Mouslem & hamza picture list\existed Pic, SOC-014-001_i03_1384_1KG_Socado_Momenti-Hazelnut-RED, .jpg
D:\Users\hamza\Dropbox\Photos\Mouslem & hamza picture list\existed Pic, SOC-014-001_i04_1384_1KG_Socado_Momenti-Hazelnut-RED, .jpg
D:\Users\hamza\Dropbox\Photos\Mouslem & hamza picture list\existed Pic, SOC-014-001_i05_1384_1KG_Socado_Momenti-Hazelnut-RED, .jpg
D:\Users\hamza\Dropbox\Photos\raw & resources images\Socado, SOC-014-001_i01_1384_1KG_Socado_Momenti-Hazelnut-RED, .jpg
D:\Users\hamza\Dropbox\Photos\raw & resources images\Socado, SOC-014-001_i02_1384_1KG_Socado_Momenti-Hazelnut-RED, .jpg
D:\Users\hamza\Dropbox\Photos\All Pictures\Socado, SOC-023-000_c01_1112_100GR_Socado_Milk-Chocolate-Tablet, .jpg
D:\Users\hamza\Dropbox\Photos\All Pictures\Socado, SOC-023-000_i02_1112_100GR_Socado_Milk-Chocolate-Tablet, .jpg
D:\Users\hamza\Dropbox\Photos\All Pictures\Socado, SOC-023-000_i03_1112_100GR_Socado_Milk-Chocolate-Tablet, .jpg
D:\Users\hamza\Dropbox\Photos\All Pictures\Socado, SOC-023-000_i04_1112_100GR_Socado_Milk-Chocolate-Tablet, .jpg
D:\Users\hamza\Dropbox\Photos\All Pictures\Socado, SOC-023-000_i05_1112_100GR_Socado_Milk-Chocolate-Tablet, .jpg
D:\Users\hamza\Dropbox\Photos\All Pictures\Socado, SOC-023-000_i06_1112_100GR_Socado_Milk-Chocolate-Tablet, .jpg
D:\Users\hamza\Dropbox\Photos\All Pictures\Socado, SOC-014-002_c01_1384_1KG_Socado_Momenti-Hazelnut-GREEN, .jpg
D:\Users\hamza\Dropbox\Photos\All Pictures\Socado, SOC-014-002_i01_1384_1KG_Socado_Momenti-Hazelnut-GREEN, .jpg
D:\Users\hamza\Dropbox\Photos\All Pictures\Socado, SOC-014-002_i02_1384_1KG_Socado_Momenti-Hazelnut-GREEN, .jpg
D:\Users\hamza\Dropbox\Photos\All Pictures\Socado, SOC-014-002_i03_1384_1KG_Socado_Momenti-Hazelnut-GREEN, .jpg
D:\Users\hamza\Dropbox\Photos\All Pictures\Socado, SOC-014-002_i04_1384_1KG_Socado_Momenti-Hazelnut-GREEN, .jpg
D:\Users\hamza\Dropbox\Photos\All Pictures\Socado, SOC-007-000_i01_0251_500GR_Socado_Assorted-Praline-Bag-(Assorted), .jpg
D:\Users\hamza\Dropbox\Photos\All Pictures\Socado, SOC-007-000_i02_0251_500GR_Socado_Assorted-Praline-Bag-(Assorted), .jpg
D:\Users\hamza\Dropbox\Photos\All Pictures\Socado, SOC-007-000_i03_0251_500GR_Socado_Assorted-Praline-Bag-(Assorted), .jpg
D:\Users\hamza\Dropbox\Photos\raw & resources images\Socado, SOC-007-000_c01_0251_500GR_Socado_Assorted-Praline-Bag-(Assorted), .jpg
D:\Users\hamza\Dropbox\Photos\raw & resources images\Socado, SOC-007-000_i01_0251_500GR_Socado_Assorted-Praline-Bag-(Assorted), .jpg
D:\Users\hamza\Dropbox\Photos\raw & resources images\Socado, SOC-007-000_i02_0251_500GR_Socado_Assorted-Praline-Bag-(Assorted), .jpg
D:\Users\hamza\Dropbox\Photos\raw & resources images\Socado, SOC-007-000_i03_0251_500GR_Socado_Assorted-Praline-Bag-(Assorted), .jpg
D:\Users\hamza\Dropbox\Photos\Website_Photo\Photos By Yasmeen\finall socado, SOC-007-000_c01_0251_500GR_Socado_Assorted-Praline-Bag-(Assorted), .jpg
D:\Users\hamza\Dropbox\Photos\Website_Photo\Photos By Yasmeen\finall socado, SOC-007-000_i01_0251_500GR_Socado_Assorted-Praline-Bag-(Assorted), .jpg
D:\Users\hamza\Dropbox\Photos\Website_Photo\Photos By Yasmeen\finall socado, SOC-007-000_i02_0251_500GR_Socado_Assorted-Praline-Bag-(Assorted), .jpg
D:\Users\hamza\Dropbox\Photos\Website_Photo\Photos By Yasmeen\finall socado, SOC-007-000_i03_0251_500GR_Socado_Assorted-Praline-Bag-(Assorted), .jpg
D:\Users\hamza\Dropbox\Photos\Website_Photo\Photos By Yasmeen\finall socado, SOC-007-000_i04_0251_500GR_Socado_Assorted-Praline-Bag-(Assorted), .jpg
D:\Users\hamza\Dropbox\Photos\Website_Photo\Photos By Yasmeen\finall socado, SOC-007-000_i05_0251_500GR_Socado_Assorted-Praline-Bag-(Assorted), .jpg
D:\Users\hamza\Dropbox\Photos\All Pictures\Socado, SOC-012-003_c01_1360_1KG_Socado_Momenti-Milk-Cream-And-Cereal-YELLOW, .jpg
D:\Users\hamza\Dropbox\Photos\All Pictures\Socado, SOC-012-003_i01_1360_1KG_Socado_Momenti-Milk-Cream-And-Cereal-YELLOW, .jpg
D:\Users\hamza\Dropbox\Photos\All Pictures\Socado, SOC-012-003_i02_1360_1KG_Socado_Momenti-Milk-Cream-And-Cereal-YELLOW, .jpg
D:\Users\hamza\Dropbox\Photos\All Pictures\Socado, SOC-012-003_i03_1360_1KG_Socado_Momenti-Milk-Cream-And-Cereal-YELLOW, .jpg
D:\Users\hamza\Dropbox\Photos\All Pictures\Socado, SOC-012-003_i04_1360_1KG_Socado_Momenti-Milk-Cream-And-Cereal-YELLOW, .jpg
D:\Users\hamza\Dropbox\Photos\raw & resources images\Socado, SOC-012-003_c01_1360_1KG_Socado_Momenti-Milk-Cream-And-Cereal-YELLOW, .jpg
D:\Users\hamza\Dropbox\Photos\raw & resources images\Socado, SOC-012-003_i02_1360_1KG_Socado_Momenti-Milk-Cream-And-Cereal-YELLOW, .jpg
D:\Users\hamza\Dropbox\Photos\raw & resources images\Socado, SOC-012-003_i03_1360_1KG_Socado_Momenti-Milk-Cream-And-Cereal-YELLOW, .jpg
D:\Users\hamza\Dropbox\Photos\raw & resources images\Socado, SOC-012-003_i04_1360_1KG_Socado_Momenti-Milk-Cream-And-Cereal-YELLOW, .jpg
D:\Users\hamza\Dropbox\Photos\Website_Photo\Photos By Yasmeen\finall socado, SOC-011-001_c01_1298_750GR_Socado_Octagonal-Box-Assorted-Chocolate-ASSORTED-(DT&ST), .jpg
D:\Users\hamza\Dropbox\Photos\Website_Photo\Photos By Yasmeen\finall socado, SOC-011-001_i01_1298_750GR_Socado_Octagonal-Box-Assorted-Chocolate-ASSORTED-(DT&ST), .jpg
D:\Users\hamza\Dropbox\Photos\Website_Photo\Photos By Yasmeen\finall socado, SOC-011-001_i02_1298_750GR_Socado_Octagonal-Box-Assorted-Chocolate-ASSORTED-(DT&ST), .jpg
D:\Users\hamza\Dropbox\Photos\Website_Photo\Photos By Yasmeen\finall socado, SOC-011-001_i03_1298_750GR_Socado_Octagonal-Box-Assorted-Chocolate-ASSORTED-(DT&ST), .jpg
D:\Users\hamza\Dropbox\Photos\Website_Photo\Photos By Yasmeen\finall socado, SOC-011-001_i04_1298_750GR_Socado_Octagonal-Box-Assorted-Chocolate-ASSORTED-(DT&ST), .jpg
D:\Users\hamza\Dropbox\Photos\All Pictures\Socado, SOC-017-006_c01_1388_1KG_Socado_Chocolate-Double-Twist-NEW-RED, .jpg
D:\Users\hamza\Dropbox\Photos\All Pictures\Socado, SOC-017-006_i01_1388_1KG_Socado_Chocolate-Double-Twist-NEW-RED, .jpg
D:\Users\hamza\Dropbox\Photos\All Pictures\Socado, SOC-017-006_i02_1388_1KG_Socado_Chocolate-Double-Twist-NEW-RED, .jpg
D:\Users\hamza\Dropbox\Photos\All Pictures\Socado, SOC-017-006_i03_1388_1KG_Socado_Chocolate-Double-Twist-NEW-RED, .jpg
D:\Users\hamza\Dropbox\Photos\All Pictures\Socado, SOC-017-006_i04_1388_1KG_Socado_Chocolate-Double-Twist-NEW-RED, .jpg
D:\Users\hamza\Dropbox\Photos\All Pictures\Socado, SOC-017-006_i05_1388_1KG_Socado_Chocolate-Double-Twist-NEW-RED, .jpg
D:\Users\hamza\Dropbox\Photos\raw & resources images\Socado, SOC-017-006_c01_1388_1KG_Socado_Chocolate-Double-Twist-NEW-RED, .jpg
D:\Users\hamza\Dropbox\Photos\raw & resources images\Socado, SOC-017-006_i02_1388_1KG_Socado_Chocolate-Double-Twist-NEW-RED, .jpg
D:\Users\hamza\Dropbox\Photos\raw & resources images\Socado, SOC-017-006_i03_1388_1KG_Socado_Chocolate-Double-Twist-NEW-RED, .jpg
D:\Users\hamza\Dropbox\Photos\raw & resources images\Socado, SOC-017-006_i04_1388_1KG_Socado_Chocolate-Double-Twist-NEW-RED, .jpg
D:\Users\hamza\Dropbox\Photos\raw & resources images\Socado, SOC-017-006_i05_1388_1KG_Socado_Chocolate-Double-Twist-NEW-RED, .jpg
D:\Users\hamza\Dropbox\Photos\Website_Photo\Photos By Yasmeen\finall socado, SOC-017-006_c01_1388_1KG_Socado_Chocolate-Double-Twist-NEW-RED, .jpg
D:\Users\hamza\Dropbox\Photos\Website_Photo\Photos By Yasmeen\finall socado, SOC-017-006_i01_1388_1KG_Socado_Chocolate-Double-Twist-NEW-RED, .jpg
D:\Users\hamza\Dropbox\Photos\Website_Photo\Photos By Yasmeen\finall socado, SOC-017-006_i02_1388_1KG_Socado_Chocolate-Double-Twist-NEW-RED, .jpg
D:\Users\hamza\Dropbox\Photos\Website_Photo\Photos By Yasmeen\finall socado, SOC-017-006_i03_1388_1KG_Socado_Chocolate-Double-Twist-NEW-RED, .jpg
D:\Users\hamza\Dropbox\Photos\Website_Photo\Photos By Yasmeen\finall socado, SOC-017-006_i04_1388_1KG_Socado_Chocolate-Double-Twist-NEW-RED, .jpg
D:\Users\hamza\Dropbox\Photos\Website_Photo\Photos By Yasmeen\finall socado, SOC-017-006_i05_1388_1KG_Socado_Chocolate-Double-Twist-NEW-RED, .jpg
D:\Users\hamza\Dropbox\Photos\Website_Photo\Photos By Yasmeen\finall socado, SOC-012-001_c01_1360_1KG_Socado_Momenti-Milk-Cream-And-Cereal-BLUE, .jpg
D:\Users\hamza\Dropbox\Photos\Website_Photo\Photos By Yasmeen\finall socado, SOC-012-001_i01_1360_1KG_Socado_Momenti-Milk-Cream-And-Cereal-BLUE, .jpg
D:\Users\hamza\Dropbox\Photos\Website_Photo\Photos By Yasmeen\finall socado, SOC-012-001_i02_1360_1KG_Socado_Momenti-Milk-Cream-And-Cereal-BLUE, .jpg
D:\Users\hamza\Dropbox\Photos\Website_Photo\Photos By Yasmeen\finall socado, SOC-012-001_i03_1360_1KG_Socado_Momenti-Milk-Cream-And-Cereal-BLUE, .jpg
D:\Users\hamza\Dropbox\Photos\Website_Photo\Photos By Yasmeen\finall socado, SOC-012-001_i04_1360_1KG_Socado_Momenti-Milk-Cream-And-Cereal-BLUE, .jpg
D:\Users\hamza\Dropbox\Photos\Website_Photo\Photos By Yasmeen\finall socado, SOC-012-001_i05_1360_1KG_Socado_Momenti-Milk-Cream-And-Cereal-BLUE, .jpg
D:\Users\hamza\Dropbox\Photos\Website_Photo\Photos By Yasmeen\finall socado, SOC-014-003_c01_1384_1KG_Socado_Momenti-Hazelnut-ORANGE, .jpg
D:\Users\hamza\Dropbox\Photos\Website_Photo\Photos By Yasmeen\finall socado, SOC-014-003_i01_1384_1KG_Socado_Momenti-Hazelnut-ORANGE, .jpg
D:\Users\hamza\Dropbox\Photos\Website_Photo\Photos By Yasmeen\finall socado, SOC-014-003_i02_1384_1KG_Socado_Momenti-Hazelnut-ORANGE, .jpg
D:\Users\hamza\Dropbox\Photos\Website_Photo\Photos By Yasmeen\finall socado, SOC-014-003_i03_1384_1KG_Socado_Momenti-Hazelnut-ORANGE, .jpg
D:\Users\hamza\Dropbox\Photos\Website_Photo\Photos By Yasmeen\finall socado, SOC-014-003_i04_1384_1KG_Socado_Momenti-Hazelnut-ORANGE, .jpg
D:\Users\hamza\Dropbox\Photos\Website_Photo\Photos By Yasmeen\finall socado, SOC-014-003_i05_1384_1KG_Socado_Momenti-Hazelnut-ORANGE, .jpg
D:\Users\hamza\Dropbox\Photos\All Pictures\Socado, SOC-009-010_c01_0350_1KG_Socado_Praline-Chocolate-YELLOW-WRAP-LEMON-CREAM, .jpg
D:\Users\hamza\Dropbox\Photos\All Pictures\Socado, SOC-009-010_i02_0350_1KG_Socado_Praline-Chocolate-YELLOW-WRAP-LEMON-CREAM, .jpg
D:\Users\hamza\Dropbox\Photos\All Pictures\Socado, SOC-009-010_i03_0350_1KG_Socado_Praline-Chocolate-YELLOW-WRAP-LEMON-CREAM, .jpg
D:\Users\hamza\Dropbox\Photos\All Pictures\Socado, SOC-009-010_i04_0350_1KG_Socado_Praline-Chocolate-YELLOW-WRAP-LEMON-CREAM, .jpg
D:\Users\hamza\Dropbox\Photos\All Pictures\Socado, SOC-009-010_i05_0350_1KG_Socado_Praline-Chocolate-YELLOW-WRAP-LEMON-CREAM, .jpg
D:\Users\hamza\Dropbox\Photos\All Pictures\Socado, SOC-002-007_c01_0355_1KG_Socado_Delizie-Bag-GOLD-HAZELNUT-CREAM, .jpg
D:\Users\hamza\Dropbox\Photos\All Pictures\Socado, SOC-002-007_i01_0355_1KG_Socado_Delizie-Bag-GOLD-HAZELNUT-CREAM, .jpg
D:\Users\hamza\Dropbox\Photos\All Pictures\Socado, SOC-002-007_i02_0355_1KG_Socado_Delizie-Bag-GOLD-HAZELNUT-CREAM, .jpg
D:\Users\hamza\Dropbox\Photos\All Pictures\Socado, SOC-002-007_i03_0355_1KG_Socado_Delizie-Bag-GOLD-HAZELNUT-CREAM, .jpg
D:\Users\hamza\Dropbox\Photos\raw & resources images\Socado, SOC-002-007_c01_0355_1KG_Socado_Delizie-Bag-GOLD-HAZELNUT-CREAM, .jpg
D:\Users\hamza\Dropbox\Photos\raw & resources images\Socado, SOC-002-007_i01_0355_1KG_Socado_Delizie-Bag-GOLD-HAZELNUT-CREAM, .jpg
D:\Users\hamza\Dropbox\Photos\raw & resources images\Socado, SOC-002-007_i02_0355_1KG_Socado_Delizie-Bag-GOLD-HAZELNUT-CREAM, .jpg
D:\Users\hamza\Dropbox\Photos\raw & resources images\Socado, SOC-002-007_i03_0355_1KG_Socado_Delizie-Bag-GOLD-HAZELNUT-CREAM, .jpg
D:\Users\hamza\Dropbox\Photos\Website_Photo\Photos By Yasmeen\finall socado, SOC-002-007_c01_0355_1KG_Socado_Delizie-Bag-GOLD-HAZELNUT-CREAM, .jpg
D:\Users\hamza\Dropbox\Photos\Website_Photo\Photos By Yasmeen\finall socado, SOC-002-007_i01_0355_1KG_Socado_Delizie-Bag-GOLD-HAZELNUT-CREAM, .jpg
D:\Users\hamza\Dropbox\Photos\Website_Photo\Photos By Yasmeen\finall socado, SOC-002-007_i02_0355_1KG_Socado_Delizie-Bag-GOLD-HAZELNUT-CREAM, .jpg
D:\Users\hamza\Dropbox\Photos\Website_Photo\Photos By Yasmeen\finall socado, SOC-002-007_i03_0355_1KG_Socado_Delizie-Bag-GOLD-HAZELNUT-CREAM, .jpg
D:\Users\hamza\Dropbox\Photos\Website_Photo\Photos By Yasmeen\finall socado, SOC-001-000_c01_2223_3KG_Socado_Dolcream-White, .jpg
D:\Users\hamza\Dropbox\Photos\Website_Photo\Photos By Yasmeen\finall socado, SOC-001-000_i01_2223_3KG_Socado_Dolcream-White, .jpg
D:\Users\hamza\Dropbox\Photos\Website_Photo\Photos By Yasmeen\finall socado, SOC-001-000_i02_2223_3KG_Socado_Dolcream-White, .jpg
D:\Users\hamza\Dropbox\Photos\Website_Photo\Photos By Yasmeen\finall socado, SOC-001-000_i03_2223_3KG_Socado_Dolcream-White, .jpg
D:\Users\hamza\Dropbox\Photos\Website_Photo\Photos By Yasmeen\finall socado, SOC-001-000_i04_2223_3KG_Socado_Dolcream-White, .jpg
D:\Users\hamza\Dropbox\Photos\All Pictures\Socado, SOC-009-024_i01_0350_1KG_Socado_Praline-Chocolate-ASSORTED-PRINTED-BAG, .jpg
D:\Users\hamza\Dropbox\Photos\All Pictures\Socado, SOC-009-024_i03_0350_1KG_Socado_Praline-Chocolate-ASSORTED-PRINTED-BAG, .jpg
D:\Users\hamza\Dropbox\Photos\All Pictures\Socado, SOC-009-024_i04_0350_1KG_Socado_Praline-Chocolate-ASSORTED-PRINTED-BAG, .jpg
D:\Users\hamza\Dropbox\Photos\raw & resources images\Socado, SOC-009-024_c01_0350_1KG_Socado_Praline-Chocolate-ASSORTED-PRINTED-BAG, .jpg
D:\Users\hamza\Dropbox\Photos\raw & resources images\Socado, SOC-009-024_i01_0350_1KG_Socado_Praline-Chocolate-ASSORTED-PRINTED-BAG, .jpg
D:\Users\hamza\Dropbox\Photos\raw & resources images\Socado, SOC-009-024_i03_0350_1KG_Socado_Praline-Chocolate-ASSORTED-PRINTED-BAG, .jpg
D:\Users\hamza\Dropbox\Photos\raw & resources images\Socado, SOC-009-024_i04_0350_1KG_Socado_Praline-Chocolate-ASSORTED-PRINTED-BAG, .jpg
D:\Users\hamza\Dropbox\Photos\Website_Photo\Photos By Yasmeen\finall socado, SOC-009-024_c01_0350_1KG_Socado_Praline-Chocolate-ASSORTED-PRINTED-BAG, .jpg
D:\Users\hamza\Dropbox\Photos\Website_Photo\Photos By Yasmeen\finall socado, SOC-009-024_i01_0350_1KG_Socado_Praline-Chocolate-ASSORTED-PRINTED-BAG, .jpg
D:\Users\hamza\Dropbox\Photos\Website_Photo\Photos By Yasmeen\finall socado, SOC-009-024_i02_0350_1KG_Socado_Praline-Chocolate-ASSORTED-PRINTED-BAG, .jpg
D:\Users\hamza\Dropbox\Photos\Website_Photo\Photos By Yasmeen\finall socado, SOC-009-024_i03_0350_1KG_Socado_Praline-Chocolate-ASSORTED-PRINTED-BAG, .jpg
D:\Users\hamza\Dropbox\Photos\Website_Photo\Photos By Yasmeen\Tatlidiller\3, TAL-003-006_c01_0185_1KG_Tatdiller_Tatlidiller-Sweet-Chocolate-Nurtat-Cream-Bag-ST-ASSORTED, .jpg
D:\Users\hamza\Dropbox\Photos\Website_Photo\Photos By Yasmeen\Tatlidiller\3, TAL-003-006_i01_0185_1KG_Tatdiller_Tatlidiller-Sweet-Chocolate-Nurtat-Cream-Bag-ST-ASSORTED, .jpg
D:\Users\hamza\Dropbox\Photos\Website_Photo\Photos By Yasmeen\Tatlidiller\3, TAL-003-006_i02_0185_1KG_Tatdiller_Tatlidiller-Sweet-Chocolate-Nurtat-Cream-Bag-ST-ASSORTED, .jpg
D:\Users\hamza\Dropbox\Photos\Website_Photo\Photos By Yasmeen\Tatlidiller\3, TAL-003-006_i03_0185_1KG_Tatdiller_Tatlidiller-Sweet-Chocolate-Nurtat-Cream-Bag-ST-ASSORTED, .jpg
D:\Users\hamza\Dropbox\Digital Marketing\E-commerce Platform\Dubai store\photos, TOR-029-000_01, .jpg
D:\Users\hamza\Dropbox\Photos\All Pictures\Torras, TOR-029-000_c01_4710_100GR_Torras_Sugar-Free-Dark-85-Cocoa-Tablet, .jpg
D:\Users\hamza\Dropbox\Photos\All Pictures\Torras, TOR-029-000_i01_4710_100GR_Torras_Sugar-Free-Dark-85-Cocoa-Tablet, .jpg
D:\Users\hamza\Dropbox\Photos\raw & resources images\Torras, TOR-029-000_c01_4710_100GR_Torras_Sugar-Free-Dark-85-Cocoa-Tablet, .jpg
D:\Users\hamza\Dropbox\Photos\raw & resources images\Torras, TOR-029-000_i01_4710_100GR_Torras_Sugar-Free-Dark-85-Cocoa-Tablet, .cr2
D:\Users\hamza\Dropbox\Photos\raw & resources images\Torras, TOR-029-000_i01_4710_100GR_Torras_Sugar-Free-Dark-85-Cocoa-Tablet, .jpg
D:\Users\hamza\Dropbox\Photos\raw & resources images\Torras, TOR-029-000_i02_4710_100GR_Torras_Sugar-Free-Dark-85-Cocoa-Tablet, .cr2
D:\Users\hamza\Dropbox\Photos\raw & resources images\Torras, TOR-029-000_i02_4710_100GR_Torras_Sugar-Free-Dark-85-Cocoa-Tablet, .jpg
D:\Users\hamza\Dropbox\Photos\raw & resources images\Torras, TOR-029-000_i03_4710_100GR_Torras_Sugar-Free-Dark-85-Cocoa-Tablet, .cr2
D:\Users\hamza\Dropbox\Photos\raw & resources images\Torras, TOR-029-000_i03_4710_100GR_Torras_Sugar-Free-Dark-85-Cocoa-Tablet, .jpg
D:\Users\hamza\Dropbox\Photos\raw & resources images\Torras, TOR-029-000_i04_4710_100GR_Torras_Sugar-Free-Dark-85-Cocoa-Tablet, .cr2
D:\Users\hamza\Dropbox\Photos\raw & resources images\Torras, TOR-029-000_i04_4710_100GR_Torras_Sugar-Free-Dark-85-Cocoa-Tablet, .jpg
D:\Users\hamza\Dropbox\Digital Marketing\E-commerce Platform\Dubai store\photos, TOR-034-000, .png
D:\Users\hamza\Dropbox\Photos\Mouslem & hamza picture list\existed Pic, TOR-034-000_i01_4789_100GR_Torras_Gluten-Free-Zero-72-Dark-Chocolate-Tablet, .jpg
D:\Users\hamza\Dropbox\Digital Marketing\E-commerce Platform\Dubai store\photos, TOR-035-000, .png
D:\Users\hamza\Dropbox\Photos\Mouslem & hamza picture list\existed Pic, TOR-035-000_i01_4796_100GR_Torras_Gluten-Free-Zero-85-Dark-Chocolate-Tablet, .jpg
D:\Users\hamza\Dropbox\Digital Marketing\E-commerce Platform\Dubai store\photos, TOR-018-002, .jpg
D:\Users\hamza\Dropbox\Photos\raw & resources images\Torras, TOR-040-000_i01_0149_125GR_Torras_Xocolata-Dark-70-Cacau-Ghana-Chocolate, .jpg
D:\Users\hamza\Dropbox\Photos\raw & resources images\Torras, TOR-040-000_i02_0149_125GR_Torras_Xocolata-Dark-70-Cacau-Ghana-Chocolate, .jpg
D:\Users\hamza\Dropbox\Photos\raw & resources images\Torras, TOR-040-000_i03_0149_125GR_Torras_Xocolata-Dark-70-Cacau-Ghana-Chocolate, .jpg
D:\Users\hamza\Dropbox\Digital Marketing\E-commerce Platform\Dubai store\photos, TOR-009-002, .jpg
D:\Users\hamza\Dropbox\Digital Marketing\E-commerce Platform\Dubai store\photos, TOR-008-001_01, .jpg
D:\Users\hamza\Dropbox\Digital Marketing\E-commerce Platform\Dubai store\photos, TOR-008-001_02, .jpg
D:\Users\hamza\Dropbox\Digital Marketing\E-commerce Platform\Dubai store\photos, TOR-008-001_03, .jpg
D:\Users\hamza\Dropbox\Photos\All Pictures\Torras, TOR-008-001_c01_5632_75GR_Torras_Sugar-Free-Milk&Almond-Chocolate-Tablet-OLD-PACKING, .jpg
D:\Users\hamza\Dropbox\Photos\All Pictures\Torras, TOR-008-001_c02_5632_75GR_Torras_Sugar-Free-Milk&Almond-Chocolate-Tablet-OLD-PACKING, .jpg
D:\Users\hamza\Dropbox\Photos\All Pictures\Torras, TOR-008-001_i01_5632_75GR_Torras_Sugar-Free-Milk&Almond-Chocolate-Tablet-OLD-PACKING, .jpg
D:\Users\hamza\Dropbox\Photos\All Pictures\Torras, TOR-008-001_i02_5632_75GR_Torras_Sugar-Free-Milk&Almond-Chocolate-Tablet-OLD-PACKING, .jpg
D:\Users\hamza\Dropbox\Photos\All Pictures\Torras, TOR-008-001_i03_5632_75GR_Torras_Sugar-Free-Milk&Almond-Chocolate-Tablet-OLD-PACKING, .jpg
D:\Users\hamza\Dropbox\Photos\All Pictures\Torras, TOR-008-001_i04_5632_75GR_Torras_Sugar-Free-Milk&Almond-Chocolate-Tablet-OLD-PACKING, .jpg
D:\Users\hamza\Dropbox\Photos\All Pictures\Torras, TOR-008-001_i05_5632_75GR_Torras_Sugar-Free-Milk&Almond-Chocolate-Tablet-OLD-PACKING, .jpg
D:\Users\hamza\Dropbox\Photos\All Pictures\Torras, TOR-008-001_i06_5632_75GR_Torras_Sugar-Free-Milk&Almond-Chocolate-Tablet-OLD-PACKING, .jpg
D:\Users\hamza\Dropbox\Photos\All Pictures\Torras, TOR-008-001_i07_5632_75GR_Torras_Sugar-Free-Milk&Almond-Chocolate-Tablet-OLD-PACKING, .jpg
D:\Users\hamza\Dropbox\Photos\Mouslem & hamza picture list\existed Pic, TOR-008-001_i01_5632_75GR_Torras_Sugar-Free-Milk&Almond-Chocolate-Tablet-OLD-PACKING, .jpg
D:\Users\hamza\Dropbox\Photos\Mouslem & hamza picture list\existed Pic, TOR-008-001_i02_5632_75GR_Torras_Sugar-Free-Milk&Almond-Chocolate-Tablet-OLD-PACKING, .jpg
D:\Users\hamza\Dropbox\Photos\Mouslem & hamza picture list\existed Pic, TOR-008-001_i03_5632_75GR_Torras_Sugar-Free-Milk&Almond-Chocolate-Tablet-OLD-PACKING, .jpg
D:\Users\hamza\Dropbox\Photos\Mouslem & hamza picture list\existed Pic, TOR-008-001_i07_5632_75GR_Torras_Sugar-Free-Milk&Almond-Chocolate-Tablet-OLD-PACKING, .jpg
D:\Users\hamza\Dropbox\Photos\raw & resources images\Torras, TOR-008-001_c01_5632_75GR_Torras_Sugar-Free-Milk&Almond-Chocolate-Tablet-OLD-PACKING, .jpg
D:\Users\hamza\Dropbox\Photos\raw & resources images\Torras, TOR-008-001_c02_5632_75GR_Torras_Sugar-Free-Milk&Almond-Chocolate-Tablet-OLD-PACKING, .jpg
D:\Users\hamza\Dropbox\Photos\raw & resources images\Torras, TOR-008-001_i01_5632_75GR_Torras_Sugar-Free-Milk&Almond-Chocolate-Tablet-OLD-PACKING, .jpg
D:\Users\hamza\Dropbox\Photos\raw & resources images\Torras, TOR-008-001_i02_5632_75GR_Torras_Sugar-Free-Milk&Almond-Chocolate-Tablet-OLD-PACKING, .jpg
D:\Users\hamza\Dropbox\Photos\raw & resources images\Torras, TOR-008-001_i03_5632_75GR_Torras_Sugar-Free-Milk&Almond-Chocolate-Tablet-OLD-PACKING, .jpg
D:\Users\hamza\Dropbox\Photos\raw & resources images\Torras, TOR-008-001_i04_5632_75GR_Torras_Sugar-Free-Milk&Almond-Chocolate-Tablet-OLD-PACKING, .jpg
D:\Users\hamza\Dropbox\Photos\raw & resources images\Torras, TOR-008-001_i05_5632_75GR_Torras_Sugar-Free-Milk&Almond-Chocolate-Tablet-OLD-PACKING, .jpg
D:\Users\hamza\Dropbox\Photos\raw & resources images\Torras, TOR-008-001_i06_5632_75GR_Torras_Sugar-Free-Milk&Almond-Chocolate-Tablet-OLD-PACKING, .jpg
D:\Users\hamza\Dropbox\Photos\raw & resources images\Torras, TOR-008-001_i07_5632_75GR_Torras_Sugar-Free-Milk&Almond-Chocolate-Tablet-OLD-PACKING, .jpg
D:\Users\hamza\Dropbox\Digital Marketing\E-commerce Platform\Dubai store\photos, TOR-044-000, .jpg
D:\Users\hamza\Dropbox\Digital Marketing\E-commerce Platform\Dubai store\photos, TOR-001-001_02, .jpg
D:\Users\hamza\Dropbox\Digital Marketing\E-commerce Platform\Dubai store\photos, TOR-001-001_03, .jpg
D:\Users\hamza\Dropbox\Photos\All Pictures\Torras, TOR-001-001_c01_5625_75GR_Torras_Sugar-Free-Milk-Chocolate-With-Hazelnut-Tablet-OLD-PACKING, .jpg
D:\Users\hamza\Dropbox\Photos\All Pictures\Torras, TOR-001-001_i02_5625_75GR_Torras_Sugar-Free-Milk-Chocolate-With-Hazelnut-Tablet-OLD-PACKING, .jpg
D:\Users\hamza\Dropbox\Photos\All Pictures\Torras, TOR-001-001_i03_5625_75GR_Torras_Sugar-Free-Milk-Chocolate-With-Hazelnut-Tablet-OLD-PACKING, .jpg
D:\Users\hamza\Dropbox\Photos\All Pictures\Torras, TOR-001-001_i04_5625_75GR_Torras_Sugar-Free-Milk-Chocolate-With-Hazelnut-Tablet-OLD-PACKING, .jpg
D:\Users\hamza\Dropbox\Photos\All Pictures\Torras, TOR-001-001_i05_5625_75GR_Torras_Sugar-Free-Milk-Chocolate-With-Hazelnut-Tablet-OLD-PACKING, .jpg
D:\Users\hamza\Dropbox\Photos\Mouslem & hamza picture list\existed Pic, TOR-001-001_i02_5625_75GR_Torras_Sugar-Free-Milk-Chocolate-With-Hazelnut-Tablet-OLD-PACKING, .jpg
D:\Users\hamza\Dropbox\Photos\Mouslem & hamza picture list\existed Pic, TOR-001-001_i03_5625_75GR_Torras_Sugar-Free-Milk-Chocolate-With-Hazelnut-Tablet-OLD-PACKING, .jpg
D:\Users\hamza\Dropbox\Photos\Mouslem & hamza picture list\existed Pic, TOR-001-001_i05_5625_75GR_Torras_Sugar-Free-Milk-Chocolate-With-Hazelnut-Tablet-OLD-PACKING, .jpg
D:\Users\hamza\Dropbox\Photos\raw & resources images\Torras, TOR-001-001_c01_5625_75GR_Torras_Sugar-Free-Milk-Chocolate-With-Hazelnut-Tablet-OLD-PACKING, .jpg
D:\Users\hamza\Dropbox\Photos\raw & resources images\Torras, TOR-001-001_i02_5625_75GR_Torras_Sugar-Free-Milk-Chocolate-With-Hazelnut-Tablet-OLD-PACKING, .jpg
D:\Users\hamza\Dropbox\Photos\raw & resources images\Torras, TOR-001-001_i03_5625_75GR_Torras_Sugar-Free-Milk-Chocolate-With-Hazelnut-Tablet-OLD-PACKING, .jpg
D:\Users\hamza\Dropbox\Photos\raw & resources images\Torras, TOR-001-001_i04_5625_75GR_Torras_Sugar-Free-Milk-Chocolate-With-Hazelnut-Tablet-OLD-PACKING, .jpg
D:\Users\hamza\Dropbox\Photos\raw & resources images\Torras, TOR-001-001_i05_5625_75GR_Torras_Sugar-Free-Milk-Chocolate-With-Hazelnut-Tablet-OLD-PACKING, .jpg
D:\Users\hamza\Dropbox\Digital Marketing\E-commerce Platform\Dubai store\photos, TOR-002-000, .jpg
D:\Users\hamza\Dropbox\Digital Marketing\E-commerce Platform\Dubai store\photos, TOR-023-000_01, .jpg
D:\Users\hamza\Dropbox\Photos\All Pictures\Torras, TOR-023-000_c01_0156_150GR_Torras_Sugar-Free-Dark-With-Whole-Almond-Chocolate-Tablet, .jpg
D:\Users\hamza\Dropbox\Photos\All Pictures\Torras, TOR-023-000_i01_0156_150GR_Torras_Sugar-Free-Dark-With-Whole-Almond-Chocolate-Tablet, .jpg
D:\Users\hamza\Dropbox\Photos\raw & resources images\Torras, TOR-023-000_c01_0156_150GR_Torras_Sugar-Free-Dark-With-Whole-Almond-Chocolate-Tablet, .jpg
D:\Users\hamza\Dropbox\Photos\raw & resources images\Torras, TOR-023-000_i01_0156_150GR_Torras_Sugar-Free-Dark-With-Whole-Almond-Chocolate-Tablet, .cr2
D:\Users\hamza\Dropbox\Photos\raw & resources images\Torras, TOR-023-000_i01_0156_150GR_Torras_Sugar-Free-Dark-With-Whole-Almond-Chocolate-Tablet, .jpg
D:\Users\hamza\Dropbox\Photos\raw & resources images\Torras, TOR-023-000_i02_0156_150GR_Torras_Sugar-Free-Dark-With-Whole-Almond-Chocolate-Tablet, .cr2
D:\Users\hamza\Dropbox\Photos\raw & resources images\Torras, TOR-023-000_i03_0156_150GR_Torras_Sugar-Free-Dark-With-Whole-Almond-Chocolate-Tablet, .cr2
D:\Users\hamza\Dropbox\Photos\raw & resources images\Torras, TOR-023-000_i04_0156_150GR_Torras_Sugar-Free-Dark-With-Whole-Almond-Chocolate-Tablet, .cr2
D:\Users\hamza\Dropbox\Documnets\Ravi\noon ravie\trapa for ravie, TRA-020-000-i01, .png
D:\Users\hamza\Dropbox\Documnets\Ravi\noon ravie\trapa for ravie, TRA-020-000_c01, .jpg
D:\Users\hamza\Dropbox\Photos\All Pictures\trapa, TRA-020-000_i01_0009_100GR_TRAPA_GOLD_MILK_CHOCOLATE_BAR, .png
D:\Users\hamza\Dropbox\Documnets\Ravi\noon ravie\trapa for ravie, TRA-031-000_i01, .jpg
D:\Users\hamza\Dropbox\Documnets\Ravi\noon ravie\trapa for ravie, TRA-031-000_i02 - Copy, .jpg
D:\Users\hamza\Dropbox\Photos\All Pictures\trapa, TRA-031-000_c01_0292_5KG_TRAPA_NOIR_60%_SUGAR_FREE_CHOCOLATE_COVERTURE, .jpg
D:\Users\hamza\Dropbox\Documnets\Ravi\noon ravie\trapa for ravie, TRA-029-000_i01 - Copy, .jpg
D:\Users\hamza\Dropbox\Documnets\Ravi\noon ravie\trapa for ravie, TRA-029-000_i02, .jpg
D:\Users\hamza\Dropbox\Photos\All Pictures\trapa, TRA-029-000_c01_0209_5KG_TRAPA_NOIR_70%_CHOCOLATE_COVERTURE, .jpg
D:\Users\hamza\Dropbox\Documnets\Ravi\noon ravie\trapa for ravie, TRA-030-000_c01, .jpg
D:\Users\hamza\Dropbox\Documnets\Ravi\noon ravie\trapa for ravie, TRA-030-000_i02, .jpg
D:\Users\hamza\Dropbox\Photos\All Pictures\trapa, TRA-030-000_c01_0223_5KG_TRAPA_MILK_34%_CHOCOLATE_COVERTURE, .jpg
D:\Users\hamza\Dropbox\Documnets\Ravi\noon ravie\trapa for ravie, TRA-028-000_i01, .jpg
D:\Users\hamza\Dropbox\Photos\All Pictures\trapa, TRA-028-000_i01_0110_300GR_TRAPA_POSTRES_COBERTURA_DE_CHOCOLATE, .jpg
D:\Users\hamza\Dropbox\Documnets\Ravi\noon ravie\trapa for ravie, TRA-017-000_i01, .jpg
D:\Users\hamza\Dropbox\Photos\All Pictures\trapa, TRA-017-000_i01_2077_175GR_TRAPA_INTENSO_DARK_80% (2), .jpg
D:\Users\hamza\Dropbox\Documnets\Ravi\noon ravie\trapa for ravie, TRA-015-000_i01, .jpg
D:\Users\hamza\Dropbox\Documnets\Ravi\noon ravie\trapa for ravie, TRA-013-000_i01, .jpg
D:\Users\hamza\Dropbox\Photos\All Pictures\trapa, TRA-013-000_i01_2039_175GR_TRAPA_INTENSO_MILK_WITH_HAZELNUTS, .jpg
D:\Users\hamza\Dropbox\Documnets\Ravi\noon ravie\trapa for ravie, TRA-012-000_i01, .jpg
D:\Users\hamza\Dropbox\Photos\All Pictures\trapa, TRA-012-000_i01_2022_175GR_TRAPA_INTENSO_MILK_WITH_ALMONDS, .jpg
D:\Users\hamza\Dropbox\Documnets\Ravi\noon ravie\trapa for ravie, TRA-011-000_i01, .jpg
D:\Users\hamza\Dropbox\Photos\All Pictures\trapa, TRA-011-000_i01_6668_190GR_TRAPA_INTENSO_DARK_55%_HAZELNUT, .jpg
D:\Users\hamza\Dropbox\Documnets\Ravi\noon ravie\trapa for ravie, TRA-021-000_c01, .jpg
D:\Users\hamza\Dropbox\Documnets\Ravi\noon ravie\trapa for ravie, TRA-021-000_i01, .png
D:\Users\hamza\Dropbox\Photos\All Pictures\trapa, TRA-021-000_i01_0016_100GR_TRAPA_GOLD_MILK_CHOCOLATE_&_ALMONDS_, .png
D:\Users\hamza\Dropbox\Documnets\Ravi\noon ravie\trapa for ravie, TRA-019-000_i01, .jpg
D:\Users\hamza\Dropbox\Photos\All Pictures\trapa, TRA-019-000_i01_2091_175GR_TRAPA_INTENSO_WHITE_WITH_HAZELNUTS, .jpg
D:\Users\hamza\Dropbox\Documnets\Ravi\noon ravie\trapa for ravie, TRA-016-000_i01, .jpg
D:\Users\hamza\Dropbox\Photos\All Pictures\trapa, TRA-016-000_i01_2060_175GR_TRAPA_INTENSO_DARK_70%_HAZELNUTS, .jpg
D:\Users\hamza\Dropbox\Documnets\Ravi\noon ravie\trapa for ravie, TRA-004-000_i01, .jpg
D:\Users\hamza\Dropbox\Photos\All Pictures\trapa, TRA-004-000_I01_1007_115GR_TRAPA_LOS_CORTADOS_SUGAR_FREE_&_PALM_OIL_FREE_ASSORTED_CHOCOLATES_WITH_STEVIA, .jpg
D:\Users\hamza\Dropbox\Photos\All Pictures\trapa, TRA-004-000_i02_1007_115GR_TRAPA_LOS_CORTADOS_SUGAR_FREE_&_PALM_OIL_FREE_ASSORTED_CHOCOLATES_WITH_STEVIA, .jpg
D:\Users\hamza\Dropbox\Photos\All Pictures\trapa, TRA-004-000_i03_1007_115GR_TRAPA_LOS_CORTADOS_SUGAR_FREE_&_PALM_OIL_FREE_ASSORTED_CHOCOLATES_WITH_STEVIA, .jpg
D:\Users\hamza\Dropbox\Documnets\Ravi\noon ravie\trapa for ravie, TRA-014-000_i01, .jpg
D:\Users\hamza\Dropbox\Photos\All Pictures\trapa, TRA-014-000_i01_2046_175GR_TRAPA_INTENSO_MILK, .jpg
D:\Users\hamza\Dropbox\Documnets\Ravi\noon ravie\trapa for ravie, TRA-018-000_i01, .jpg
D:\Users\hamza\Dropbox\Photos\All Pictures\trapa, TRA-018-000_i01_2084_175GR_TRAPA_INTENSO_WHITE_WITH_ALMONDS, .jpg
D:\Users\hamza\Dropbox\Photos\All Pictures\trapa, TRA-018-000_i02_2084_175GR_TRAPA_INTENSO_WHITE_WITH_ALMONDS, .jpg
D:\Users\hamza\Dropbox\Documnets\Ravi\noon ravie\trapa for ravie, TRA-006-000_i01, .jpg
D:\Users\hamza\Dropbox\Photos\All Pictures\trapa, TRA-006-000_i01_6064_72GR_TRAPA_ARTESANIA_PALM_OIL_FREE_ASSORTED_CHOCOLATES, .jpg
